/*
 * Assets.c
 *
 *  Created on: 30 cze 2026
 *      Author: tomasz
 */

#include "Game_Types.h"


static const uint16_t mario_standstill_16x16_dma[256] = {
	0xffff, 0xffff, 0xffff, 0xffff, 0xffff, 0xffff, 0xffff, 0xffff, 0xffff, 0xffff, 0xffff, 0xffff, 0xffff, 0xffff, 0xffff, 0xffff, 
	0xffff, 0xffff, 0xffff, 0xffff, 0xffff, 0xffff, 0xffff, 0xffff, 0xffff, 0xffff, 0xffff, 0xffff, 0xffff, 0xffff, 0xffff, 0xffff, 
	0x0315, 0xffff, 0xffff, 0xe0fd, 0xe0fd, 0xe0fd, 0x0315, 0xffff, 0xffff, 0xffff, 0xffff, 0xffff, 0xffff, 0xffff, 0xffff, 0xffff, 
	0x0315, 0x0315, 0xffff, 0xe0fd, 0xe0fd, 0xe0fd, 0x0315, 0x0315, 0xffff, 0xffff, 0xe314, 0xe314, 0xe314, 0xffff, 0xffff, 0xffff, 
	0x0315, 0x0315, 0x00f8, 0x00f8, 0xe0fd, 0x0315, 0x0315, 0x0315, 0x0315, 0xffff, 0xe314, 0xe0fd, 0xe0fd, 0xe314, 0x00f8, 0xffff, 
	0x0315, 0x0315, 0x00f8, 0x00f8, 0x00f8, 0x00f8, 0x0315, 0x0315, 0x0315, 0xe0fd, 0xe0fd, 0xe314, 0xe314, 0xe314, 0x00f8, 0x00f8, 
	0x0315, 0x0315, 0x00f8, 0x00f8, 0x00f8, 0xe0fd, 0x00f8, 0x00f8, 0x00f8, 0xe0fd, 0xe0fd, 0xe314, 0xe0fd, 0xe314, 0x00f8, 0x00f8, 
	0xffff, 0xffff, 0x00f8, 0x00f8, 0x00f8, 0x00f8, 0x00f8, 0x0315, 0x0315, 0xe0fd, 0xe0fd, 0xe0fd, 0xe0fd, 0xe0fd, 0x00f8, 0x00f8, 
	0xffff, 0xffff, 0xffff, 0x00f8, 0x00f8, 0x00f8, 0x00f8, 0x0315, 0x0315, 0xe0fd, 0xe0fd, 0xe0fd, 0xe0fd, 0xe0fd, 0x00f8, 0x00f8, 
	0xffff, 0xffff, 0x00f8, 0x00f8, 0x00f8, 0xe0fd, 0x00f8, 0x00f8, 0x0315, 0xe0fd, 0xe314, 0xe0fd, 0xe314, 0xe314, 0x00f8, 0x00f8, 
	0x0315, 0x0315, 0x00f8, 0x00f8, 0x00f8, 0x00f8, 0x0315, 0x0315, 0xffff, 0xe0fd, 0xe314, 0xe314, 0xe0fd, 0xe0fd, 0x00f8, 0xffff, 
	0x0315, 0x0315, 0x00f8, 0x00f8, 0xe0fd, 0x0315, 0x0315, 0x0315, 0xffff, 0xe0fd, 0xe314, 0xe0fd, 0xe0fd, 0xffff, 0x00f8, 0xffff, 
	0x0315, 0x0315, 0x00f8, 0xe0fd, 0xe0fd, 0xe0fd, 0x0315, 0x0315, 0xffff, 0xffff, 0xe314, 0xe0fd, 0xe0fd, 0xffff, 0x00f8, 0xffff, 
	0x0315, 0x0315, 0xffff, 0xe0fd, 0xe0fd, 0xe0fd, 0x0315, 0xffff, 0xffff, 0xffff, 0xffff, 0xe0fd, 0xffff, 0xffff, 0xffff, 0xffff, 
	0x0315, 0xffff, 0xffff, 0xffff, 0xffff, 0xffff, 0xffff, 0xffff, 0xffff, 0xffff, 0xffff, 0xffff, 0xffff, 0xffff, 0xffff, 0xffff, 
	0xffff, 0xffff, 0xffff, 0xffff, 0xffff, 0xffff, 0xffff, 0xffff, 0xffff, 0xffff, 0xffff, 0xffff, 0xffff, 0xffff, 0xffff, 0xffff
};

static const uint16_t mario_run_1_16x16_dma[256] = {
0xffff, 0xffff, 0xffff, 0xffff, 0xffff, 0xffff, 0xffff, 0xffff, 0xffff, 0xffff, 0xffff, 0xffff, 0xffff, 0xffff, 0xffff, 0xffff, 
0xffff, 0xffff, 0xffff, 0xffff, 0xffff, 0xffff, 0xffff, 0xffff, 0xffff, 0xffff, 0xffff, 0xffff, 0xffff, 0xffff, 0xffff, 0xffff, 
0xffff, 0x0315, 0x0315, 0xffff, 0xffff, 0xffff, 0xffff, 0xffff, 0xffff, 0xffff, 0xffff, 0xffff, 0xffff, 0xffff, 0xffff, 0xffff, 
0xffff, 0xffff, 0x0315, 0x0315, 0x0315, 0xe0fd, 0xffff, 0xffff, 0xffff, 0xffff, 0xffff, 0xffff, 0xffff, 0xffff, 0xffff, 0xffff, 
0xffff, 0xffff, 0x00f8, 0x00f8, 0x0315, 0xe0fd, 0xe0fd, 0xffff, 0xffff, 0xe314, 0xe314, 0xe314, 0xffff, 0xffff, 0xffff, 0xffff, 
0xffff, 0xffff, 0x00f8, 0x00f8, 0x00f8, 0x00f8, 0x0315, 0x0315, 0xffff, 0xe314, 0xe0fd, 0xe0fd, 0xe314, 0x00f8, 0xffff, 0xffff, 
0xffff, 0xffff, 0x00f8, 0x00f8, 0x00f8, 0x0315, 0x0315, 0x0315, 0xe0fd, 0xe0fd, 0xe314, 0xe314, 0xe314, 0x00f8, 0x00f8, 0xffff, 
0x0315, 0x0315, 0xffff, 0x00f8, 0x00f8, 0x0315, 0x0315, 0x0315, 0xe0fd, 0xe0fd, 0xe314, 0xe0fd, 0xe314, 0x00f8, 0x00f8, 0xffff, 
0x0315, 0x0315, 0x00f8, 0x00f8, 0x00f8, 0x0315, 0x0315, 0x0315, 0xe0fd, 0xe0fd, 0xe0fd, 0xe0fd, 0xe0fd, 0x00f8, 0x00f8, 0xffff, 
0x0315, 0x0315, 0x00f8, 0x00f8, 0x00f8, 0x0315, 0x0315, 0x00f8, 0xe0fd, 0xe0fd, 0xe0fd, 0xe0fd, 0xe0fd, 0x00f8, 0x00f8, 0xffff, 
0x0315, 0xffff, 0x00f8, 0x00f8, 0x00f8, 0x0315, 0x0315, 0x0315, 0xe0fd, 0xe314, 0xe0fd, 0xe314, 0xe314, 0x00f8, 0x00f8, 0xffff, 
0xffff, 0xffff, 0xffff, 0x00f8, 0x00f8, 0xe0fd, 0xe0fd, 0xffff, 0xe0fd, 0xe314, 0xe314, 0xe0fd, 0xe0fd, 0x00f8, 0xffff, 0xffff, 
0xffff, 0xffff, 0xffff, 0xffff, 0xffff, 0xe0fd, 0xe0fd, 0xe0fd, 0xe0fd, 0xe314, 0xe0fd, 0xe0fd, 0xffff, 0x00f8, 0xffff, 0xffff, 
0xffff, 0xffff, 0xffff, 0xffff, 0xffff, 0xffff, 0xe0fd, 0xffff, 0xffff, 0xe314, 0xe0fd, 0xe0fd, 0xffff, 0x00f8, 0xffff, 0xffff, 
0xffff, 0xffff, 0xffff, 0xffff, 0xffff, 0xffff, 0xffff, 0xffff, 0xffff, 0xffff, 0xe0fd, 0xffff, 0xffff, 0xffff, 0xffff, 0xffff, 
0xffff, 0xffff, 0xffff, 0xffff, 0xffff, 0xffff, 0xffff, 0xffff, 0xffff, 0xffff, 0xffff, 0xffff, 0xffff, 0xffff, 0xffff, 0xffff
};

static const uint16_t mario_run_2_16x16_dma[256] = {
0xffff, 0xffff, 0xffff, 0xffff, 0xffff, 0xe0fd, 0xe0fd, 0xe0fd, 0xffff, 0xffff, 0xffff, 0xffff, 0xffff, 0xffff, 0xffff, 0xffff, 
0xffff, 0x0315, 0x0315, 0xffff, 0xffff, 0xe0fd, 0xe0fd, 0xe0fd, 0xffff, 0xffff, 0xffff, 0xffff, 0xffff, 0xffff, 0xffff, 0xffff, 
0x0315, 0x0315, 0x0315, 0x00f8, 0xffff, 0xffff, 0xe0fd, 0x0315, 0x0315, 0xffff, 0xffff, 0xffff, 0xffff, 0xffff, 0xffff, 0xffff, 
0x0315, 0x0315, 0x00f8, 0x00f8, 0x00f8, 0xffff, 0xffff, 0x0315, 0x0315, 0xffff, 0xe314, 0xe314, 0xe314, 0xffff, 0xffff, 0xffff, 
0x0315, 0xffff, 0x00f8, 0x00f8, 0x00f8, 0x00f8, 0x0315, 0x0315, 0x0315, 0xffff, 0xe314, 0xe0fd, 0xe0fd, 0xe314, 0x00f8, 0xffff, 
0xffff, 0xffff, 0x00f8, 0x00f8, 0x00f8, 0x00f8, 0x0315, 0x0315, 0x0315, 0xe0fd, 0xe0fd, 0xe314, 0xe314, 0xe314, 0x00f8, 0x00f8, 
0xffff, 0xffff, 0xffff, 0x00f8, 0x00f8, 0x00f8, 0x00f8, 0x00f8, 0x00f8, 0xe0fd, 0xe0fd, 0xe314, 0xe0fd, 0xe314, 0x00f8, 0x00f8, 
0xffff, 0xffff, 0xffff, 0x00f8, 0x00f8, 0x00f8, 0xe0fd, 0x00f8, 0x00f8, 0xe0fd, 0xe0fd, 0xe0fd, 0xe0fd, 0xe0fd, 0x00f8, 0x00f8, 
0xffff, 0xffff, 0xffff, 0x00f8, 0x00f8, 0x00f8, 0x00f8, 0x00f8, 0x0315, 0xe0fd, 0xe0fd, 0xe0fd, 0xe0fd, 0xe0fd, 0x00f8, 0x00f8, 
0xffff, 0xffff, 0x00f8, 0x00f8, 0x00f8, 0x00f8, 0x00f8, 0x0315, 0x0315, 0xe0fd, 0xe314, 0xe0fd, 0xe314, 0xe314, 0x00f8, 0x00f8, 
0xffff, 0xffff, 0x00f8, 0x00f8, 0x00f8, 0x00f8, 0x00f8, 0x0315, 0xffff, 0xe0fd, 0xe314, 0xe314, 0xe0fd, 0xe0fd, 0x00f8, 0xffff, 
0xffff, 0xffff, 0x00f8, 0x00f8, 0x00f8, 0xffff, 0x0315, 0x0315, 0xffff, 0xe0fd, 0xe314, 0xe0fd, 0xe0fd, 0xffff, 0x00f8, 0xffff, 
0xffff, 0xffff, 0x0315, 0x0315, 0x0315, 0xffff, 0x0315, 0xe0fd, 0xffff, 0xffff, 0xe314, 0xe0fd, 0xe0fd, 0xffff, 0x00f8, 0xffff, 
0xffff, 0xffff, 0x0315, 0x0315, 0x0315, 0x0315, 0xe0fd, 0xe0fd, 0xffff, 0xffff, 0xffff, 0xe0fd, 0xffff, 0xffff, 0xffff, 0xffff, 
0xffff, 0xffff, 0xffff, 0xffff, 0xffff, 0xffff, 0xe0fd, 0xe0fd, 0xffff, 0xffff, 0xffff, 0xffff, 0xffff, 0xffff, 0xffff, 0xffff, 
0xffff, 0xffff, 0xffff, 0xffff, 0xffff, 0xffff, 0xffff, 0xffff, 0xffff, 0xffff, 0xffff, 0xffff, 0xffff, 0xffff, 0xffff, 0xffff
};

static const uint16_t mario_run_3_16x16_dma[256] = {
0xffff, 0xffff, 0xffff, 0xffff, 0xffff, 0xffff, 0xffff, 0xffff, 0xffff, 0xffff, 0xffff, 0xffff, 0xffff, 0xffff, 0xffff, 0xffff, 
0xffff, 0xffff, 0xffff, 0xffff, 0xffff, 0xffff, 0xffff, 0xffff, 0xffff, 0xffff, 0xffff, 0xffff, 0xffff, 0xffff, 0xffff, 0xffff, 
0xffff, 0xffff, 0xffff, 0xffff, 0xffff, 0xffff, 0xffff, 0xffff, 0xffff, 0xffff, 0xffff, 0xffff, 0xffff, 0xffff, 0xffff, 0xffff, 
0xffff, 0xffff, 0xffff, 0xffff, 0x00f8, 0x0315, 0x0315, 0x0315, 0xffff, 0xffff, 0xe314, 0xe314, 0xe314, 0xffff, 0xffff, 0xffff, 
0xffff, 0xffff, 0xffff, 0x00f8, 0x0315, 0x0315, 0x0315, 0x0315, 0x0315, 0xffff, 0xe314, 0xe0fd, 0xe0fd, 0xe314, 0x00f8, 0xffff, 
0x0315, 0x0315, 0x00f8, 0x0315, 0x0315, 0x0315, 0x0315, 0x0315, 0x0315, 0xe0fd, 0xe0fd, 0xe314, 0xe314, 0xe314, 0x00f8, 0x00f8, 
0x0315, 0x0315, 0x00f8, 0xe0fd, 0xe0fd, 0x0315, 0x00f8, 0x0315, 0x00f8, 0xe0fd, 0xe0fd, 0xe314, 0xe0fd, 0xe314, 0x00f8, 0x00f8, 
0x0315, 0x0315, 0x00f8, 0xe0fd, 0xe0fd, 0x00f8, 0x00f8, 0x00f8, 0x0315, 0xe0fd, 0xe0fd, 0xe0fd, 0xe0fd, 0xe0fd, 0x00f8, 0x00f8, 
0x0315, 0x0315, 0x0315, 0x00f8, 0xe0fd, 0x00f8, 0xe0fd, 0x00f8, 0x0315, 0xe0fd, 0xe0fd, 0xe0fd, 0xe0fd, 0xe0fd, 0x00f8, 0x00f8, 
0xffff, 0x0315, 0x0315, 0x00f8, 0x00f8, 0x00f8, 0x00f8, 0x0315, 0x0315, 0xe0fd, 0xe314, 0xe0fd, 0xe314, 0xe314, 0x00f8, 0x00f8, 
0xffff, 0x0315, 0x0315, 0x00f8, 0x00f8, 0x00f8, 0x00f8, 0x0315, 0xffff, 0xe0fd, 0xe314, 0xe314, 0xe0fd, 0xe0fd, 0x00f8, 0xffff, 
0xffff, 0x0315, 0xffff, 0xffff, 0x00f8, 0x00f8, 0xe0fd, 0xffff, 0xffff, 0xe0fd, 0xe314, 0xe0fd, 0xe0fd, 0xffff, 0x00f8, 0xffff, 
0xffff, 0xffff, 0xffff, 0xffff, 0xffff, 0xffff, 0xffff, 0xffff, 0xffff, 0xffff, 0xe314, 0xe0fd, 0xe0fd, 0xffff, 0x00f8, 0xffff, 
0xffff, 0xffff, 0xffff, 0xffff, 0xffff, 0xffff, 0xffff, 0xffff, 0xffff, 0xffff, 0xffff, 0xe0fd, 0xffff, 0xffff, 0xffff, 0xffff, 
0xffff, 0xffff, 0xffff, 0xffff, 0xffff, 0xffff, 0xffff, 0xffff, 0xffff, 0xffff, 0xffff, 0xffff, 0xffff, 0xffff, 0xffff, 0xffff, 
0xffff, 0xffff, 0xffff, 0xffff, 0xffff, 0xffff, 0xffff, 0xffff, 0xffff, 0xffff, 0xffff, 0xffff, 0xffff, 0xffff, 0xffff, 0xffff
};

static const uint16_t mario_decelerate_16x16_dma[256] = {
0xffff, 0xffff, 0xffff, 0xffff, 0xffff, 0xffff, 0xffff, 0xffff, 0xffff, 0xffff, 0xffff, 0xffff, 0xffff, 0xffff, 0xffff, 0xffff, 
0xffff, 0xe314, 0xe314, 0xffff, 0xffff, 0xffff, 0xffff, 0xffff, 0xffff, 0xffff, 0xffff, 0xe0fd, 0xe0fd, 0xffff, 0xffff, 0xffff, 
0xe314, 0xe314, 0xffff, 0xffff, 0xffff, 0xffff, 0x00f8, 0x00f8, 0x00f8, 0xffff, 0xe0fd, 0xe0fd, 0xe0fd, 0xe314, 0xffff, 0xffff, 
0xe314, 0xe314, 0xe314, 0xffff, 0x00f8, 0x00f8, 0x00f8, 0xe314, 0x00f8, 0x00f8, 0xe0fd, 0xe314, 0xe314, 0xe314, 0xe314, 0xffff, 
0xe314, 0xe314, 0x00f8, 0xe314, 0xe314, 0x00f8, 0x00f8, 0xe0fd, 0xe0fd, 0x00f8, 0xe314, 0xe0fd, 0xe0fd, 0xe314, 0x00f8, 0xffff, 
0xe314, 0xe314, 0x00f8, 0xe314, 0xe314, 0x00f8, 0xe0fd, 0xe0fd, 0xe0fd, 0x00f8, 0xe0fd, 0xe0fd, 0xe0fd, 0xe314, 0x00f8, 0x00f8, 
0xffff, 0x00f8, 0xe314, 0xe314, 0xe314, 0x00f8, 0xe0fd, 0xe0fd, 0xe0fd, 0xe314, 0xe0fd, 0xe314, 0xe314, 0xe314, 0x00f8, 0x00f8, 
0xffff, 0xffff, 0xe314, 0xe314, 0x00f8, 0x00f8, 0xe314, 0xe314, 0xe314, 0xe314, 0xe0fd, 0xe314, 0xe0fd, 0xe314, 0x00f8, 0x00f8, 
0xffff, 0xffff, 0xe314, 0x00f8, 0x00f8, 0xe314, 0xe314, 0xe314, 0x00f8, 0xe314, 0xe0fd, 0xe0fd, 0xe0fd, 0xe0fd, 0x00f8, 0x00f8, 
0xffff, 0xffff, 0x00f8, 0x00f8, 0x00f8, 0xe314, 0xe314, 0xe314, 0x00f8, 0x00f8, 0xe0fd, 0xe0fd, 0xe0fd, 0xe314, 0x00f8, 0x00f8, 
0xffff, 0xffff, 0xffff, 0x00f8, 0x00f8, 0xe314, 0xe314, 0xe314, 0xe314, 0xe0fd, 0xe0fd, 0xe314, 0xe0fd, 0xe0fd, 0x00f8, 0xffff, 
0xffff, 0xffff, 0xffff, 0xffff, 0xffff, 0xe314, 0xe314, 0xe314, 0xe314, 0xe0fd, 0xe314, 0xe314, 0xe0fd, 0xffff, 0x00f8, 0xffff, 
0xffff, 0xffff, 0xffff, 0xffff, 0xffff, 0xffff, 0xe314, 0xe314, 0xe314, 0xffff, 0xe314, 0xe0fd, 0xe0fd, 0xffff, 0x00f8, 0xffff, 
0xffff, 0xffff, 0xffff, 0xffff, 0xffff, 0xffff, 0xffff, 0xffff, 0xffff, 0xffff, 0xffff, 0xe0fd, 0xffff, 0xffff, 0xffff, 0xffff, 
0xffff, 0xffff, 0xffff, 0xffff, 0xffff, 0xffff, 0xffff, 0xffff, 0xffff, 0xffff, 0xffff, 0xffff, 0xffff, 0xffff, 0xffff, 0xffff, 
0xffff, 0xffff, 0xffff, 0xffff, 0xffff, 0xffff, 0xffff, 0xffff, 0xffff, 0xffff, 0xffff, 0xffff, 0xffff, 0xffff, 0xffff, 0xffff
};

static const uint16_t mario_jump_16x16_dma[256] = {
0xffff, 0xffff, 0xffff, 0xffff, 0xe0fd, 0xe0fd, 0xffff, 0xffff, 0xffff, 0xffff, 0xffff, 0xffff, 0xffff, 0xffff, 0xffff, 0xffff, 
0x0315, 0x0315, 0xffff, 0xe0fd, 0xe0fd, 0xe0fd, 0x0315, 0xffff, 0xffff, 0xffff, 0xffff, 0xffff, 0xffff, 0xffff, 0xffff, 0xffff, 
0xffff, 0x0315, 0x0315, 0xffff, 0xe0fd, 0x0315, 0x0315, 0x0315, 0xffff, 0xffff, 0xffff, 0xffff, 0xffff, 0xffff, 0xffff, 0xffff, 
0xffff, 0x0315, 0x0315, 0x0315, 0xffff, 0x0315, 0x0315, 0x0315, 0xffff, 0xffff, 0xffff, 0xffff, 0xffff, 0xffff, 0xffff, 0xffff, 
0x00f8, 0x00f8, 0x0315, 0x00f8, 0x00f8, 0x0315, 0x0315, 0x0315, 0xffff, 0xe314, 0xe314, 0xe314, 0xffff, 0xffff, 0xffff, 0xffff, 
0x00f8, 0x00f8, 0x00f8, 0x00f8, 0x00f8, 0x0315, 0x0315, 0x0315, 0xe0fd, 0xe314, 0xe0fd, 0xe0fd, 0xe314, 0x00f8, 0xffff, 0xffff, 
0x00f8, 0x00f8, 0x00f8, 0x00f8, 0x0315, 0x0315, 0x0315, 0x0315, 0xe0fd, 0xe0fd, 0xe314, 0xe314, 0xe314, 0x00f8, 0x00f8, 0xffff, 
0x00f8, 0x00f8, 0x00f8, 0x00f8, 0x00f8, 0x0315, 0x0315, 0x00f8, 0xe0fd, 0xe0fd, 0xe314, 0xe0fd, 0xe314, 0x00f8, 0x00f8, 0xffff, 
0xffff, 0x00f8, 0x00f8, 0x00f8, 0x00f8, 0x00f8, 0x00f8, 0x0315, 0xe0fd, 0xe0fd, 0xe0fd, 0xe0fd, 0xe0fd, 0x00f8, 0x00f8, 0xffff, 
0xffff, 0x00f8, 0x00f8, 0x00f8, 0xe0fd, 0x00f8, 0x0315, 0x0315, 0xe0fd, 0xe0fd, 0xe0fd, 0xe0fd, 0xe0fd, 0x00f8, 0x00f8, 0xffff, 
0xffff, 0x00f8, 0x00f8, 0x00f8, 0x00f8, 0x00f8, 0x0315, 0x0315, 0xe0fd, 0xe314, 0xe0fd, 0xe314, 0xe314, 0x00f8, 0x00f8, 0xffff, 
0xffff, 0xffff, 0x00f8, 0x00f8, 0x00f8, 0x00f8, 0x0315, 0x00f8, 0xe0fd, 0xe314, 0xe314, 0xe0fd, 0xe0fd, 0x00f8, 0xffff, 0xffff, 
0xffff, 0xffff, 0x00f8, 0x00f8, 0xe0fd, 0x00f8, 0x00f8, 0x0315, 0xe0fd, 0xe314, 0xe0fd, 0xe0fd, 0xffff, 0x00f8, 0xffff, 0xffff, 
0xffff, 0xffff, 0x00f8, 0x00f8, 0x00f8, 0xffff, 0xffff, 0xffff, 0x0315, 0x0315, 0xe0fd, 0x0315, 0x0315, 0x00f8, 0xe0fd, 0xe0fd, 
0xffff, 0xffff, 0x0315, 0x0315, 0x0315, 0xffff, 0xffff, 0xffff, 0xffff, 0x0315, 0xe0fd, 0x0315, 0x0315, 0xe0fd, 0xe0fd, 0xe0fd, 
0xffff, 0xffff, 0x0315, 0x0315, 0x0315, 0x0315, 0x0315, 0xffff, 0xffff, 0xffff, 0x0315, 0x0315, 0x0315, 0xe0fd, 0xe0fd, 0xe0fd
};

static const BaseAsset_t MARIO_STANDSTILL_ASSET = {
		.sprite.bitmap = mario_standstill_16x16_dma,
		.sprite.size.x = 16,
		.sprite.size.y = 16,
};

static const BaseAsset_t MARIO_RUN_1_ASSET = {
		.sprite.bitmap = mario_run_1_16x16_dma,
		.sprite.size.x = 16,
		.sprite.size.y = 16,
};

static const BaseAsset_t MARIO_RUN_2_ASSET = {
		.sprite.bitmap = mario_run_2_16x16_dma,
		.sprite.size.x = 16,
		.sprite.size.y = 16,
};

static const BaseAsset_t MARIO_RUN_3_ASSET = {
		.sprite.bitmap = mario_run_3_16x16_dma,
		.sprite.size.x = 16,
		.sprite.size.y = 16,
};

static const BaseAsset_t MARIO_DECELERATE_ASSET = {
		.sprite.bitmap = mario_decelerate_16x16_dma,
		.sprite.size.x = 16,
		.sprite.size.y = 16,
};

static const BaseAsset_t MARIO_JUMP_ASSET = {
		.sprite.bitmap = mario_jump_16x16_dma,
		.sprite.size.x = 16,
		.sprite.size.y = 16,
};

static const BaseAnimationAsset_t MARIO_BASE_ASSETS[] = {
		{&MARIO_STANDSTILL_ASSET, MARIO_STANDSTILL_ANIMATION_ID},
		{&MARIO_RUN_1_ASSET, MARIO_RUN_1_ANIMATION_ID},
		{&MARIO_RUN_2_ASSET, MARIO_RUN_2_ANIMATION_ID},
		{&MARIO_RUN_3_ASSET, MARIO_RUN_3_ANIMATION_ID},
		{&MARIO_DECELERATE_ASSET, MARIO_DECELERATE_ANIMATION_ID},
		{&MARIO_JUMP_ASSET, MARIO_JUMP_ANIMATION_ID},
};

const AnimableAsset_t MARIO_ANIMABLE_ASSET = {
		.id = PLAYER_MARIO_ID,
		.baseAssetsCount = sizeof(MARIO_BASE_ASSETS)/sizeof(MARIO_BASE_ASSETS[0]),
		.baseAssets = MARIO_BASE_ASSETS,
		.BBox.p1.x = 0,
		.BBox.p1.y = 0,
		.BBox.p2.x = 16,
		.BBox.p2.y = 16,
};


static const uint16_t floor_16x16_dma[256] = {
		0xc3e8, 0xbdf7, 0xbdf7, 0xbdf7, 0xbdf7, 0x0000, 0xbdf7, 0xbdf7, 0xbdf7, 0xbdf7, 0xbdf7, 0xbdf7, 0xbdf7, 0xbdf7, 0xbdf7, 0xc3e8,
		0x0000, 0x00d0, 0x00d0, 0x00d0, 0xbdf7, 0x0000, 0x00d0, 0x00d0, 0x00d0, 0x00d0, 0x00d0, 0x00d0, 0x00d0, 0x00d0, 0x00d0, 0xbdf7,
		0x0000, 0x00d0, 0x00d0, 0xbdf7, 0x0000, 0x00d0, 0x00d0, 0x00d0, 0x00d0, 0x00d0, 0x00d0, 0x00d0, 0x00d0, 0x00d0, 0x00d0, 0xbdf7,
		0x0000, 0x00d0, 0x00d0, 0xbdf7, 0x0000, 0x00d0, 0x00d0, 0x00d0, 0x00d0, 0x00d0, 0x00d0, 0x00d0, 0x00d0, 0x00d0, 0x00d0, 0xbdf7,
		0x0000, 0x00d0, 0xbdf7, 0x0000, 0x00d0, 0x00d0, 0x00d0, 0x00d0, 0x00d0, 0x00d0, 0x00d0, 0x00d0, 0x00d0, 0x00d0, 0x00d0, 0xbdf7,
		0x0000, 0x00d0, 0xbdf7, 0x0000, 0x00d0, 0x00d0, 0x00d0, 0x00d0, 0x00d0, 0x00d0, 0x00d0, 0x00d0, 0x00d0, 0x00d0, 0x00d0, 0xbdf7,
		0x0000, 0x00d0, 0xbdf7, 0x0000, 0x00d0, 0x00d0, 0x00d0, 0x00d0, 0x00d0, 0x00d0, 0x00d0, 0x00d0, 0x00d0, 0x00d0, 0x00d0, 0xbdf7,
		0xc3e8, 0x0000, 0x0000, 0x0000, 0x00d0, 0x00d0, 0x00d0, 0x00d0, 0x00d0, 0x00d0, 0x00d0, 0x00d0, 0x00d0, 0x00d0, 0x00d0, 0xbdf7,
		0xbdf7, 0xbdf7, 0xbdf7, 0xbdf7, 0x0000, 0x0000, 0x00d0, 0x00d0, 0x00d0, 0x00d0, 0x00d0, 0x00d0, 0x00d0, 0x00d0, 0x00d0, 0xbdf7,
		0x0000, 0x00d0, 0x00d0, 0x00d0, 0xbdf7, 0xbdf7, 0x0000, 0x0000, 0x0000, 0x0000, 0x0000, 0x0000, 0x0000, 0x0000, 0x0000, 0x0000,
		0x0000, 0x00d0, 0x00d0, 0x00d0, 0x00d0, 0x00d0, 0xbdf7, 0xbdf7, 0xbdf7, 0xbdf7, 0xbdf7, 0xc3e8, 0xbdf7, 0xbdf7, 0xbdf7, 0xc3e8,
		0x0000, 0x00d0, 0x00d0, 0x00d0, 0x00d0, 0x00d0, 0x00d0, 0x00d0, 0x00d0, 0x00d0, 0xbdf7, 0x0000, 0x0000, 0x00d0, 0x00d0, 0xbdf7,
		0x0000, 0x00d0, 0x00d0, 0x00d0, 0x00d0, 0x00d0, 0x00d0, 0x00d0, 0x00d0, 0x00d0, 0xbdf7, 0x0000, 0x00d0, 0x00d0, 0x00d0, 0xbdf7,
		0x0000, 0x00d0, 0x00d0, 0x00d0, 0x00d0, 0x00d0, 0x00d0, 0x00d0, 0x00d0, 0x00d0, 0xbdf7, 0x0000, 0x00d0, 0x00d0, 0x00d0, 0xbdf7,
		0x0000, 0x0000, 0x00d0, 0x00d0, 0x00d0, 0x00d0, 0x00d0, 0x00d0, 0x00d0, 0x00d0, 0xbdf7, 0x0000, 0x00d0, 0x00d0, 0x00d0, 0xbdf7,
		0xc3e8, 0x0000, 0x0000, 0x0000, 0x0000, 0x0000, 0x0000, 0x0000, 0x0000, 0x0000, 0x0000, 0xc3e8, 0x0000, 0x0000, 0x0000, 0xc3e8
};

const BackgroundAsset_t FLOOR_ASSET = {
		.id = BG_REP_FLOOR_ID,
		.baseAsset.sprite.bitmap = floor_16x16_dma,
		.baseAsset.sprite.size.x = 16,
		.baseAsset.sprite.size.y = 16,
};


static const uint16_t jedynka_32x32_dma[32*32] = {
		0xffff, 0xffff, 0xffff, 0xffff, 0xffff, 0xffff, 0xffff, 0xffff, 0xffff, 0xffff, 0xffff, 0xffff, 0xffff, 0xffff, 0xffff, 0xffff, 0xffff, 0xffff, 0xffff, 0xffff, 0xffff, 0xffff, 0xffff, 0xffff, 0xffff, 0xffff, 0xffff, 0xffff, 0xffff, 0xffff, 0xffff, 0xffff,
		0xffff, 0xffff, 0xffff, 0xffff, 0xffff, 0xffff, 0xffff, 0xffff, 0xffff, 0xffff, 0xffff, 0xffff, 0xffff, 0xffff, 0xffff, 0xffff, 0xffff, 0xffff, 0xffff, 0xffff, 0xffff, 0xffff, 0xffff, 0xffff, 0xffff, 0xffff, 0xffff, 0xffff, 0xffff, 0xffff, 0xffff, 0xffff,
		0xffff, 0xffff, 0xffff, 0xffff, 0xffff, 0xffff, 0xffff, 0xffff, 0xffff, 0xffff, 0xffff, 0xffff, 0xffff, 0xffff, 0xffff, 0xffff, 0xffff, 0xffff, 0xffff, 0xffff, 0xffff, 0xffff, 0xffff, 0xffff, 0xffff, 0xffff, 0xffff, 0xffff, 0xffff, 0xffff, 0xffff, 0xffff,
		0xffff, 0xffff, 0xffff, 0xffff, 0xffff, 0xffff, 0xffff, 0xffff, 0xffff, 0xffff, 0xffff, 0xffff, 0xffff, 0xffff, 0xffff, 0xffff, 0xffff, 0xffff, 0xffff, 0xffff, 0xffff, 0xffff, 0xffff, 0xffff, 0xffff, 0xffff, 0xffff, 0xffff, 0xffff, 0xffff, 0xffff, 0xffff,
		0xffff, 0xffff, 0xffff, 0xffff, 0xffff, 0xffff, 0xffff, 0xffff, 0xffff, 0xffff, 0xffff, 0xffff, 0xffff, 0xffff, 0xffff, 0xffff, 0xffff, 0xffff, 0xffff, 0xffff, 0xffff, 0xffff, 0xffff, 0xffff, 0xffff, 0xffff, 0xffff, 0xffff, 0xffff, 0xffff, 0xffff, 0xffff,
		0xffff, 0xffff, 0xffff, 0xffff, 0xffff, 0xffff, 0xffff, 0xffff, 0xffff, 0xffff, 0xffff, 0xffff, 0xffff, 0xffff, 0xc318, 0xc318, 0xc318, 0xffff, 0xffff, 0xffff, 0xffff, 0xffff, 0xffff, 0xffff, 0xffff, 0xffff, 0xffff, 0xffff, 0xffff, 0xffff, 0xffff, 0xffff,
		0xffff, 0xffff, 0xffff, 0xffff, 0xffff, 0xffff, 0xffff, 0xffff, 0xffff, 0xffff, 0xffff, 0xffff, 0xffff, 0xffff, 0xc318, 0xc318, 0xc318, 0xc318, 0xffff, 0xffff, 0xffff, 0xffff, 0xffff, 0xffff, 0xffff, 0xffff, 0xffff, 0xffff, 0xffff, 0xffff, 0xffff, 0xffff,
		0xffff, 0xffff, 0xc318, 0xc318, 0xc318, 0xffff, 0xffff, 0xffff, 0xffff, 0xffff, 0xffff, 0xffff, 0xffff, 0xffff, 0xc318, 0xc318, 0xc318, 0xc318, 0xc318, 0xc318, 0xffff, 0xffff, 0xffff, 0xffff, 0xffff, 0xffff, 0xffff, 0xffff, 0xffff, 0xffff, 0xffff, 0xffff,
		0xffff, 0xffff, 0xc318, 0xc318, 0xc318, 0xffff, 0xffff, 0xffff, 0xffff, 0xffff, 0xffff, 0xffff, 0xffff, 0xffff, 0xffff, 0xffff, 0xc318, 0xc318, 0xc318, 0xc318, 0xc318, 0xffff, 0xffff, 0xffff, 0xffff, 0xffff, 0xffff, 0xffff, 0xffff, 0xffff, 0xffff, 0xffff,
		0xffff, 0xffff, 0xc318, 0xc318, 0xc318, 0xffff, 0xffff, 0xffff, 0xffff, 0xffff, 0xffff, 0xffff, 0xffff, 0xffff, 0xffff, 0xffff, 0xffff, 0xffff, 0xc318, 0xc318, 0xc318, 0xc318, 0xc318, 0xffff, 0xffff, 0xffff, 0xffff, 0xffff, 0xffff, 0xffff, 0xffff, 0xffff,
		0xffff, 0xffff, 0xc318, 0xc318, 0xc318, 0xffff, 0xffff, 0xffff, 0xffff, 0xffff, 0xffff, 0xffff, 0xffff, 0xffff, 0xffff, 0xffff, 0xffff, 0xffff, 0xffff, 0xffff, 0xc318, 0xc318, 0xc318, 0xc318, 0xc318, 0xffff, 0xffff, 0xffff, 0xffff, 0xffff, 0xffff, 0xffff,
		0xffff, 0xffff, 0xc318, 0xc318, 0xc318, 0xffff, 0xffff, 0xffff, 0xffff, 0xffff, 0xffff, 0xffff, 0xffff, 0xffff, 0xffff, 0xffff, 0xffff, 0xffff, 0xffff, 0xffff, 0xffff, 0xffff, 0xc318, 0xc318, 0xc318, 0xc318, 0xc318, 0xffff, 0xffff, 0xffff, 0xffff, 0xffff,
		0xffff, 0xffff, 0xc318, 0xc318, 0xc318, 0xffff, 0xffff, 0xffff, 0xffff, 0xffff, 0xffff, 0xffff, 0xffff, 0xffff, 0xffff, 0xffff, 0xffff, 0xffff, 0xffff, 0xffff, 0xffff, 0xffff, 0xffff, 0xc318, 0xc318, 0xc318, 0xc318, 0xc318, 0xffff, 0xffff, 0xffff, 0xffff,
		0xffff, 0xffff, 0xc318, 0xc318, 0xc318, 0xc318, 0xc318, 0xc318, 0xc318, 0xc318, 0xc318, 0xc318, 0xc318, 0xc318, 0xc318, 0xc318, 0xc318, 0xc318, 0xc318, 0xc318, 0xc318, 0xc318, 0xc318, 0xc318, 0xc318, 0xc318, 0xc318, 0xc318, 0xc318, 0xc318, 0xc318, 0xffff,
		0xffff, 0xffff, 0xc318, 0xc318, 0xc318, 0xc318, 0xc318, 0xc318, 0xc318, 0xc318, 0xc318, 0xc318, 0xc318, 0xc318, 0xc318, 0xc318, 0xc318, 0xc318, 0xc318, 0xc318, 0xc318, 0xc318, 0xc318, 0xc318, 0xc318, 0xc318, 0xc318, 0xc318, 0xc318, 0xc318, 0xc318, 0xc318,
		0xffff, 0xffff, 0xc318, 0xc318, 0xc318, 0xc318, 0xc318, 0xc318, 0xc318, 0xc318, 0xc318, 0xc318, 0xc318, 0xc318, 0xc318, 0xc318, 0xc318, 0xc318, 0xc318, 0xc318, 0xc318, 0xc318, 0xc318, 0xc318, 0xc318, 0xc318, 0xc318, 0xc318, 0xc318, 0xc318, 0xc318, 0xc318,
		0xffff, 0xffff, 0xc318, 0xc318, 0xc318, 0xc318, 0xc318, 0xc318, 0xc318, 0xc318, 0xc318, 0xc318, 0xc318, 0xc318, 0xc318, 0xc318, 0xc318, 0xc318, 0xc318, 0xc318, 0xc318, 0xc318, 0xc318, 0xc318, 0xc318, 0xc318, 0xc318, 0xc318, 0xc318, 0xc318, 0xc318, 0xc318,
		0xffff, 0xffff, 0xc318, 0xc318, 0xc318, 0xffff, 0xffff, 0xffff, 0xffff, 0xffff, 0xffff, 0xffff, 0xffff, 0xffff, 0xffff, 0xffff, 0xffff, 0xffff, 0xffff, 0xffff, 0xffff, 0xffff, 0xffff, 0xffff, 0xffff, 0xffff, 0xffff, 0xffff, 0xffff, 0xffff, 0xffff, 0xffff,
		0xffff, 0xffff, 0xc318, 0xc318, 0xc318, 0xffff, 0xffff, 0xffff, 0xffff, 0xffff, 0xffff, 0xffff, 0xffff, 0xffff, 0xffff, 0xffff, 0xffff, 0xffff, 0xffff, 0xffff, 0xffff, 0xffff, 0xffff, 0xffff, 0xffff, 0xffff, 0xffff, 0xffff, 0xffff, 0xffff, 0xffff, 0xffff,
		0xffff, 0xffff, 0xc318, 0xc318, 0xc318, 0xffff, 0xffff, 0xffff, 0xffff, 0xffff, 0xffff, 0xffff, 0xffff, 0xffff, 0xffff, 0xffff, 0xffff, 0xffff, 0xffff, 0xffff, 0xffff, 0xffff, 0xffff, 0xffff, 0xffff, 0xffff, 0xffff, 0xffff, 0xffff, 0xffff, 0xffff, 0xffff,
		0xffff, 0xffff, 0xc318, 0xc318, 0xc318, 0xffff, 0xffff, 0xffff, 0xffff, 0xffff, 0xffff, 0xffff, 0xffff, 0xffff, 0xffff, 0xffff, 0xffff, 0xffff, 0xffff, 0xffff, 0xffff, 0xffff, 0xffff, 0xffff, 0xffff, 0xffff, 0xffff, 0xffff, 0xffff, 0xffff, 0xffff, 0xffff,
		0xffff, 0xffff, 0xc318, 0xc318, 0xc318, 0xffff, 0xffff, 0xffff, 0xffff, 0xffff, 0xffff, 0xffff, 0xffff, 0xffff, 0xffff, 0xffff, 0xffff, 0xffff, 0xffff, 0xffff, 0xffff, 0xffff, 0xffff, 0xffff, 0xffff, 0xffff, 0xffff, 0xffff, 0xffff, 0xffff, 0xffff, 0xffff,
		0xffff, 0xffff, 0xc318, 0xc318, 0xc318, 0xffff, 0xffff, 0xffff, 0xffff, 0xffff, 0xffff, 0xffff, 0xffff, 0xffff, 0xffff, 0xffff, 0xffff, 0xffff, 0xffff, 0xffff, 0xffff, 0xffff, 0xffff, 0xffff, 0xffff, 0xffff, 0xffff, 0xffff, 0xffff, 0xffff, 0xffff, 0xffff,
		0xffff, 0xffff, 0xc318, 0xc318, 0xc318, 0xffff, 0xffff, 0xffff, 0xffff, 0xffff, 0xffff, 0xffff, 0xffff, 0xffff, 0xffff, 0xffff, 0xffff, 0xffff, 0xffff, 0xffff, 0xffff, 0xffff, 0xffff, 0xffff, 0xffff, 0xffff, 0xffff, 0xffff, 0xffff, 0xffff, 0xffff, 0xffff,
		0xffff, 0xffff, 0xffff, 0xffff, 0xffff, 0xffff, 0xffff, 0xffff, 0xffff, 0xffff, 0xffff, 0xffff, 0xffff, 0xffff, 0xffff, 0xffff, 0xffff, 0xffff, 0xffff, 0xffff, 0xffff, 0xffff, 0xffff, 0xffff, 0xffff, 0xffff, 0xffff, 0xffff, 0xffff, 0xffff, 0xffff, 0xffff,
		0xffff, 0xffff, 0xffff, 0xffff, 0xffff, 0xffff, 0xffff, 0xffff, 0xffff, 0xffff, 0xffff, 0xffff, 0xffff, 0xffff, 0xffff, 0xffff, 0xffff, 0xffff, 0xffff, 0xffff, 0xffff, 0xffff, 0xffff, 0xffff, 0xffff, 0xffff, 0xffff, 0xffff, 0xffff, 0xffff, 0xffff, 0xffff,
		0xffff, 0xffff, 0xffff, 0xffff, 0xffff, 0xffff, 0xffff, 0xffff, 0xffff, 0xffff, 0xffff, 0xffff, 0xffff, 0xffff, 0xffff, 0xffff, 0xffff, 0xffff, 0xffff, 0xffff, 0xffff, 0xffff, 0xffff, 0xffff, 0xffff, 0xffff, 0xffff, 0xffff, 0xffff, 0xffff, 0xffff, 0xffff,
		0xffff, 0xffff, 0xffff, 0xffff, 0xffff, 0xffff, 0xffff, 0xffff, 0xffff, 0xffff, 0xffff, 0xffff, 0xffff, 0xffff, 0xffff, 0xffff, 0xffff, 0xffff, 0xffff, 0xffff, 0xffff, 0xffff, 0xffff, 0xffff, 0xffff, 0xffff, 0xffff, 0xffff, 0xffff, 0xffff, 0xffff, 0xffff,
		0xffff, 0xffff, 0xffff, 0xffff, 0xffff, 0xffff, 0xffff, 0xffff, 0xffff, 0xffff, 0xffff, 0xffff, 0xffff, 0xffff, 0xffff, 0xffff, 0xffff, 0xffff, 0xffff, 0xffff, 0xffff, 0xffff, 0xffff, 0xffff, 0xffff, 0xffff, 0xffff, 0xffff, 0xffff, 0xffff, 0xffff, 0xffff,
		0xffff, 0xffff, 0xffff, 0xffff, 0xffff, 0xffff, 0xffff, 0xffff, 0xffff, 0xffff, 0xffff, 0xffff, 0xffff, 0xffff, 0xffff, 0xffff, 0xffff, 0xffff, 0xffff, 0xffff, 0xffff, 0xffff, 0xffff, 0xffff, 0xffff, 0xffff, 0xffff, 0xffff, 0xffff, 0xffff, 0xffff, 0xffff,
		0xffff, 0xffff, 0xffff, 0xffff, 0xffff, 0xffff, 0xffff, 0xffff, 0xffff, 0xffff, 0xffff, 0xffff, 0xffff, 0xffff, 0xffff, 0xffff, 0xffff, 0xffff, 0xffff, 0xffff, 0xffff, 0xffff, 0xffff, 0xffff, 0xffff, 0xffff, 0xffff, 0xffff, 0xffff, 0xffff, 0xffff, 0xffff,
		0xffff, 0xffff, 0xffff, 0xffff, 0xffff, 0xffff, 0xffff, 0xffff, 0xffff, 0xffff, 0xffff, 0xffff, 0xffff, 0xffff, 0xffff, 0xffff, 0xffff, 0xffff, 0xffff, 0xffff, 0xffff, 0xffff, 0xffff, 0xffff, 0xffff, 0xffff, 0xffff, 0xffff, 0xffff, 0xffff, 0xffff, 0xffff
};

const BackgroundAsset_t JEDYNKA_ASSET = {
		.id = BG_JEDYNKA_OBJECT_ID,
		.baseAsset.sprite.bitmap = jedynka_32x32_dma,
		.baseAsset.sprite.size.x = 32,
		.baseAsset.sprite.size.y = 32,
};


static const uint16_t dwojka_32x32_dma[32*32] = {
		0xffff, 0xffff, 0xffff, 0xffff, 0xffff, 0xffff, 0xffff, 0xffff, 0xffff, 0xffff, 0xffff, 0xffff, 0xffff, 0xffff, 0xffff, 0xffff, 0xffff, 0xffff, 0xffff, 0xffff, 0xffff, 0xffff, 0xffff, 0xffff, 0xffff, 0xffff, 0xffff, 0xffff, 0xffff, 0xffff, 0xffff, 0xffff,
		0xffff, 0xffff, 0xffff, 0xffff, 0xffff, 0xffff, 0xffff, 0xffff, 0xffff, 0xffff, 0xffff, 0xffff, 0xffff, 0xffff, 0xffff, 0xffff, 0xffff, 0xffff, 0xffff, 0xffff, 0xffff, 0xffff, 0xffff, 0xffff, 0xffff, 0xffff, 0xffff, 0xffff, 0xffff, 0xffff, 0xffff, 0xffff,
		0xffff, 0xffff, 0xffff, 0xffff, 0xffff, 0xffff, 0xffff, 0xffff, 0xffff, 0xffff, 0xffff, 0xffff, 0xffff, 0xffff, 0xffff, 0xffff, 0xffff, 0xffff, 0xffff, 0xffff, 0xffff, 0xffff, 0xffff, 0xffff, 0xffff, 0xffff, 0xffff, 0xffff, 0xffff, 0xffff, 0xffff, 0xffff,
		0xffff, 0xffff, 0xffff, 0xffff, 0xffff, 0xffff, 0xffff, 0xffff, 0xffff, 0xffff, 0xffff, 0xffff, 0xffff, 0xffff, 0xffff, 0xffff, 0xffff, 0xffff, 0xffff, 0xffff, 0xffff, 0xffff, 0xffff, 0xffff, 0xffff, 0xffff, 0xffff, 0xffff, 0xffff, 0xffff, 0xffff, 0xffff,
		0xffff, 0xffff, 0xffff, 0xffff, 0xffff, 0xffff, 0xffff, 0xffff, 0xffff, 0xffff, 0xffff, 0xffff, 0xffff, 0xffff, 0xffff, 0xffff, 0xffff, 0xffff, 0xffff, 0xffff, 0xffff, 0xffff, 0xffff, 0xffff, 0xffff, 0xffff, 0xffff, 0xffff, 0xffff, 0xffff, 0xffff, 0xffff,
		0xffff, 0xffff, 0xffff, 0xffff, 0xffff, 0xffff, 0xffff, 0xffff, 0xffff, 0xffff, 0xffff, 0xffff, 0xffff, 0xffff, 0xffff, 0xffff, 0xffff, 0xffff, 0xffff, 0xffff, 0xffff, 0xffff, 0xffff, 0xffff, 0xffff, 0xffff, 0xffff, 0xffff, 0xffff, 0xffff, 0xffff, 0xffff,
		0xffff, 0xffff, 0xffff, 0x4108, 0x4108, 0xffff, 0xffff, 0xffff, 0xffff, 0xffff, 0xffff, 0xffff, 0xffff, 0xffff, 0xffff, 0xffff, 0xffff, 0xffff, 0xffff, 0xffff, 0xffff, 0x4108, 0x4108, 0x4108, 0x4108, 0x4108, 0x4108, 0xffff, 0xffff, 0xffff, 0xffff, 0xffff,
		0xffff, 0xffff, 0xffff, 0x4108, 0x4108, 0x4108, 0x4108, 0xffff, 0xffff, 0xffff, 0xffff, 0xffff, 0xffff, 0xffff, 0xffff, 0xffff, 0xffff, 0xffff, 0xffff, 0xffff, 0xffff, 0x4108, 0x4108, 0x4108, 0x4108, 0x4108, 0x4108, 0x4108, 0x4108, 0xffff, 0xffff, 0xffff,
		0xffff, 0xffff, 0xffff, 0x4108, 0x4108, 0x4108, 0x4108, 0x4108, 0xffff, 0xffff, 0xffff, 0xffff, 0xffff, 0xffff, 0xffff, 0xffff, 0xffff, 0xffff, 0xffff, 0xffff, 0xffff, 0x4108, 0x4108, 0x4108, 0x4108, 0x4108, 0x4108, 0x4108, 0x4108, 0x4108, 0xffff, 0xffff,
		0xffff, 0xffff, 0xffff, 0x4108, 0x4108, 0x4108, 0x4108, 0x4108, 0x4108, 0xffff, 0xffff, 0xffff, 0xffff, 0xffff, 0xffff, 0xffff, 0xffff, 0xffff, 0xffff, 0xffff, 0xffff, 0xffff, 0xffff, 0xffff, 0xffff, 0x4108, 0x4108, 0x4108, 0x4108, 0x4108, 0x4108, 0xffff,
		0xffff, 0xffff, 0xffff, 0x4108, 0x4108, 0x4108, 0x4108, 0x4108, 0x4108, 0x4108, 0xffff, 0xffff, 0xffff, 0xffff, 0xffff, 0xffff, 0xffff, 0xffff, 0xffff, 0xffff, 0xffff, 0xffff, 0xffff, 0xffff, 0xffff, 0xffff, 0xffff, 0xffff, 0x4108, 0x4108, 0x4108, 0x4108,
		0xffff, 0xffff, 0xffff, 0x4108, 0x4108, 0xffff, 0x4108, 0x4108, 0x4108, 0x4108, 0x4108, 0xffff, 0xffff, 0xffff, 0xffff, 0xffff, 0xffff, 0xffff, 0xffff, 0xffff, 0xffff, 0xffff, 0xffff, 0xffff, 0xffff, 0xffff, 0xffff, 0xffff, 0x4108, 0x4108, 0x4108, 0x4108,
		0xffff, 0xffff, 0xffff, 0x4108, 0x4108, 0xffff, 0xffff, 0xffff, 0x4108, 0x4108, 0x4108, 0x4108, 0xffff, 0xffff, 0xffff, 0xffff, 0xffff, 0xffff, 0xffff, 0xffff, 0xffff, 0xffff, 0xffff, 0xffff, 0xffff, 0xffff, 0xffff, 0xffff, 0xffff, 0x4108, 0x4108, 0x4108,
		0xffff, 0xffff, 0xffff, 0x4108, 0x4108, 0xffff, 0xffff, 0xffff, 0xffff, 0x4108, 0x4108, 0x4108, 0x4108, 0xffff, 0xffff, 0xffff, 0xffff, 0xffff, 0xffff, 0xffff, 0xffff, 0xffff, 0xffff, 0xffff, 0xffff, 0xffff, 0xffff, 0xffff, 0xffff, 0x4108, 0x4108, 0x4108,
		0xffff, 0xffff, 0xffff, 0x4108, 0x4108, 0xffff, 0xffff, 0xffff, 0xffff, 0xffff, 0x4108, 0x4108, 0x4108, 0x4108, 0xffff, 0xffff, 0xffff, 0xffff, 0xffff, 0xffff, 0xffff, 0xffff, 0xffff, 0xffff, 0xffff, 0xffff, 0xffff, 0xffff, 0xffff, 0x4108, 0x4108, 0x4108,
		0xffff, 0xffff, 0xffff, 0x4108, 0x4108, 0xffff, 0xffff, 0xffff, 0xffff, 0xffff, 0xffff, 0x4108, 0x4108, 0x4108, 0x4108, 0xffff, 0xffff, 0xffff, 0xffff, 0xffff, 0xffff, 0xffff, 0xffff, 0xffff, 0xffff, 0xffff, 0xffff, 0xffff, 0xffff, 0x4108, 0x4108, 0x4108,
		0xffff, 0xffff, 0xffff, 0x4108, 0x4108, 0xffff, 0xffff, 0xffff, 0xffff, 0xffff, 0xffff, 0xffff, 0x4108, 0x4108, 0x4108, 0x4108, 0xffff, 0xffff, 0xffff, 0xffff, 0xffff, 0xffff, 0xffff, 0xffff, 0xffff, 0xffff, 0xffff, 0xffff, 0xffff, 0x4108, 0x4108, 0x4108,
		0xffff, 0xffff, 0xffff, 0x4108, 0x4108, 0xffff, 0xffff, 0xffff, 0xffff, 0xffff, 0xffff, 0xffff, 0xffff, 0x4108, 0x4108, 0x4108, 0x4108, 0xffff, 0xffff, 0xffff, 0xffff, 0xffff, 0xffff, 0xffff, 0xffff, 0xffff, 0xffff, 0xffff, 0xffff, 0x4108, 0x4108, 0x4108,
		0xffff, 0xffff, 0xffff, 0x4108, 0x4108, 0xffff, 0xffff, 0xffff, 0xffff, 0xffff, 0xffff, 0xffff, 0xffff, 0xffff, 0x4108, 0x4108, 0x4108, 0x4108, 0xffff, 0xffff, 0xffff, 0xffff, 0xffff, 0xffff, 0xffff, 0xffff, 0xffff, 0xffff, 0x4108, 0x4108, 0x4108, 0xffff,
		0xffff, 0xffff, 0xffff, 0x4108, 0x4108, 0xffff, 0xffff, 0xffff, 0xffff, 0xffff, 0xffff, 0xffff, 0xffff, 0xffff, 0xffff, 0x4108, 0x4108, 0x4108, 0x4108, 0xffff, 0xffff, 0xffff, 0xffff, 0xffff, 0xffff, 0xffff, 0xffff, 0xffff, 0x4108, 0x4108, 0xffff, 0xffff,
		0xffff, 0xffff, 0xffff, 0x4108, 0x4108, 0xffff, 0xffff, 0xffff, 0xffff, 0xffff, 0xffff, 0xffff, 0xffff, 0xffff, 0xffff, 0xffff, 0x4108, 0x4108, 0x4108, 0x4108, 0x4108, 0x4108, 0x4108, 0x4108, 0x4108, 0x4108, 0x4108, 0x4108, 0x4108, 0x4108, 0xffff, 0xffff,
		0xffff, 0xffff, 0xffff, 0x4108, 0x4108, 0xffff, 0xffff, 0xffff, 0xffff, 0xffff, 0xffff, 0xffff, 0xffff, 0xffff, 0xffff, 0xffff, 0xffff, 0x4108, 0x4108, 0x4108, 0x4108, 0x4108, 0x4108, 0x4108, 0x4108, 0x4108, 0x4108, 0x4108, 0x4108, 0xffff, 0xffff, 0xffff,
		0xffff, 0xffff, 0xffff, 0x4108, 0x4108, 0xffff, 0xffff, 0xffff, 0xffff, 0xffff, 0xffff, 0xffff, 0xffff, 0xffff, 0xffff, 0xffff, 0xffff, 0xffff, 0x4108, 0x4108, 0x4108, 0x4108, 0x4108, 0x4108, 0x4108, 0x4108, 0x4108, 0x4108, 0xffff, 0xffff, 0xffff, 0xffff,
		0xffff, 0xffff, 0xffff, 0x4108, 0x4108, 0xffff, 0xffff, 0xffff, 0xffff, 0xffff, 0xffff, 0xffff, 0xffff, 0xffff, 0xffff, 0xffff, 0xffff, 0xffff, 0xffff, 0xffff, 0xffff, 0xffff, 0xffff, 0xffff, 0xffff, 0xffff, 0xffff, 0xffff, 0xffff, 0xffff, 0xffff, 0xffff,
		0xffff, 0xffff, 0xffff, 0x4108, 0xffff, 0xffff, 0xffff, 0xffff, 0xffff, 0xffff, 0xffff, 0xffff, 0xffff, 0xffff, 0xffff, 0xffff, 0xffff, 0xffff, 0xffff, 0xffff, 0xffff, 0xffff, 0xffff, 0xffff, 0xffff, 0xffff, 0xffff, 0xffff, 0xffff, 0xffff, 0xffff, 0xffff,
		0xffff, 0xffff, 0xffff, 0xffff, 0xffff, 0xffff, 0xffff, 0xffff, 0xffff, 0xffff, 0xffff, 0xffff, 0xffff, 0xffff, 0xffff, 0xffff, 0xffff, 0xffff, 0xffff, 0xffff, 0xffff, 0xffff, 0xffff, 0xffff, 0xffff, 0xffff, 0xffff, 0xffff, 0xffff, 0xffff, 0xffff, 0xffff,
		0xffff, 0xffff, 0xffff, 0xffff, 0xffff, 0xffff, 0xffff, 0xffff, 0xffff, 0xffff, 0xffff, 0xffff, 0xffff, 0xffff, 0xffff, 0xffff, 0xffff, 0xffff, 0xffff, 0xffff, 0xffff, 0xffff, 0xffff, 0xffff, 0xffff, 0xffff, 0xffff, 0xffff, 0xffff, 0xffff, 0xffff, 0xffff,
		0xffff, 0xffff, 0xffff, 0xffff, 0xffff, 0xffff, 0xffff, 0xffff, 0xffff, 0xffff, 0xffff, 0xffff, 0xffff, 0xffff, 0xffff, 0xffff, 0xffff, 0xffff, 0xffff, 0xffff, 0xffff, 0xffff, 0xffff, 0xffff, 0xffff, 0xffff, 0xffff, 0xffff, 0xffff, 0xffff, 0xffff, 0xffff,
		0xffff, 0xffff, 0xffff, 0xffff, 0xffff, 0xffff, 0xffff, 0xffff, 0xffff, 0xffff, 0xffff, 0xffff, 0xffff, 0xffff, 0xffff, 0xffff, 0xffff, 0xffff, 0xffff, 0xffff, 0xffff, 0xffff, 0xffff, 0xffff, 0xffff, 0xffff, 0xffff, 0xffff, 0xffff, 0xffff, 0xffff, 0xffff,
		0xffff, 0xffff, 0xffff, 0xffff, 0xffff, 0xffff, 0xffff, 0xffff, 0xffff, 0xffff, 0xffff, 0xffff, 0xffff, 0xffff, 0xffff, 0xffff, 0xffff, 0xffff, 0xffff, 0xffff, 0xffff, 0xffff, 0xffff, 0xffff, 0xffff, 0xffff, 0xffff, 0xffff, 0xffff, 0xffff, 0xffff, 0xffff,
		0xffff, 0xffff, 0xffff, 0xffff, 0xffff, 0xffff, 0xffff, 0xffff, 0xffff, 0xffff, 0xffff, 0xffff, 0xffff, 0xffff, 0xffff, 0xffff, 0xffff, 0xffff, 0xffff, 0xffff, 0xffff, 0xffff, 0xffff, 0xffff, 0xffff, 0xffff, 0xffff, 0xffff, 0xffff, 0xffff, 0xffff, 0xffff,
		0xffff, 0xffff, 0xffff, 0xffff, 0xffff, 0xffff, 0xffff, 0xffff, 0xffff, 0xffff, 0xffff, 0xffff, 0xffff, 0xffff, 0xffff, 0xffff, 0xffff, 0xffff, 0xffff, 0xffff, 0xffff, 0xffff, 0xffff, 0xffff, 0xffff, 0xffff, 0xffff, 0xffff, 0xffff, 0xffff, 0xffff, 0xffff
};

const BackgroundAsset_t DWOJKA_ASSET = {
		.id = BG_DWOJKA_OBJECT_ID,
		.baseAsset.sprite.bitmap = dwojka_32x32_dma,
		.baseAsset.sprite.size.x = 32,
		.baseAsset.sprite.size.y = 32,
};

static const uint16_t chmurka_32x32_dma[32*32] = {
		0xffff, 0xffff, 0xffff, 0xffff, 0xffff, 0xffff, 0xffff, 0xffff, 0xffff, 0xffff, 0xffff, 0xffff, 0xffff, 0xffff, 0x0000, 0x0000, 0xffff, 0xffff, 0xffff, 0xffff, 0xffff, 0xffff, 0xffff, 0xffff, 0xffff, 0xffff, 0xffff, 0xffff, 0xffff, 0xffff, 0xffff, 0xffff,
		0xffff, 0xffff, 0xffff, 0xffff, 0xffff, 0xffff, 0xffff, 0xffff, 0xffff, 0xffff, 0xffff, 0xffff, 0xffff, 0x0000, 0xdfff, 0xdfff, 0x0000, 0xffff, 0xffff, 0xffff, 0xffff, 0xffff, 0xffff, 0xffff, 0xffff, 0xffff, 0xffff, 0xffff, 0xffff, 0xffff, 0xffff, 0xffff,
		0xffff, 0xffff, 0xffff, 0xffff, 0xffff, 0xffff, 0xffff, 0xffff, 0xffff, 0xffff, 0xffff, 0xffff, 0x0000, 0xdfff, 0xdfff, 0xdfff, 0x0000, 0xffff, 0xffff, 0xffff, 0xffff, 0xffff, 0xffff, 0xffff, 0xffff, 0xffff, 0xffff, 0xffff, 0xffff, 0xffff, 0xffff, 0xffff,
		0xffff, 0xffff, 0xffff, 0xffff, 0xffff, 0xffff, 0xffff, 0xffff, 0xffff, 0xffff, 0xffff, 0x0000, 0xdfff, 0xdfff, 0xdfff, 0xdfff, 0xdfff, 0xffff, 0x0000, 0xffff, 0xffff, 0xffff, 0xffff, 0xffff, 0xffff, 0xffff, 0xffff, 0xffff, 0xffff, 0xffff, 0xffff, 0xffff,
		0xffff, 0xffff, 0xffff, 0xffff, 0xffff, 0xffff, 0xffff, 0xffff, 0xffff, 0x0000, 0x0000, 0xdfff, 0xdfff, 0xdfff, 0xdfff, 0xdfff, 0xdfff, 0xdfff, 0xdfff, 0x0000, 0xffff, 0xffff, 0xffff, 0xffff, 0xffff, 0xffff, 0xffff, 0xffff, 0xffff, 0xffff, 0xffff, 0xffff,
		0xffff, 0xffff, 0xffff, 0xffff, 0xffff, 0xffff, 0xffff, 0xffff, 0x0000, 0xdfff, 0xdfff, 0xdfff, 0xff45, 0xdfff, 0xdfff, 0xdfff, 0xdfff, 0xdfff, 0xdfff, 0xdfff, 0x0000, 0xffff, 0xffff, 0xffff, 0xffff, 0xffff, 0xffff, 0xffff, 0xffff, 0xffff, 0xffff, 0xffff,
		0xffff, 0xffff, 0xffff, 0xffff, 0xffff, 0xffff, 0xffff, 0xffff, 0x0000, 0xdfff, 0xdfff, 0xff45, 0xdfff, 0xdfff, 0xdfff, 0xdfff, 0xdfff, 0xdfff, 0xdfff, 0xdfff, 0x0000, 0xffff, 0xffff, 0xffff, 0xffff, 0xffff, 0xffff, 0xffff, 0xffff, 0xffff, 0xffff, 0xffff,
		0xffff, 0xffff, 0xffff, 0xffff, 0xffff, 0xffff, 0xffff, 0xffff, 0x0000, 0xdfff, 0xff45, 0xdfff, 0xdfff, 0xdfff, 0xdfff, 0xdfff, 0xdfff, 0xdfff, 0xdfff, 0xdfff, 0x0000, 0xffff, 0xffff, 0xffff, 0xffff, 0xffff, 0xffff, 0xffff, 0xffff, 0xffff, 0xffff, 0xffff,
		0xffff, 0xffff, 0xffff, 0xffff, 0xffff, 0xffff, 0xffff, 0x0000, 0xdfff, 0xdfff, 0xff45, 0xdfff, 0xdfff, 0xdfff, 0xdfff, 0xdfff, 0xdfff, 0xdfff, 0xdfff, 0xdfff, 0xdfff, 0x0000, 0xffff, 0xffff, 0xffff, 0xffff, 0xffff, 0xffff, 0xffff, 0xffff, 0xffff, 0xffff,
		0xffff, 0xffff, 0xffff, 0xffff, 0xffff, 0xffff, 0x0000, 0xdfff, 0xdfff, 0xdfff, 0xff45, 0xff45, 0xdfff, 0xdfff, 0xdfff, 0xdfff, 0xdfff, 0xdfff, 0xdfff, 0xdfff, 0xdfff, 0xdfff, 0x0000, 0xffff, 0xffff, 0xffff, 0xffff, 0xffff, 0xffff, 0xffff, 0xffff, 0xffff,
		0xffff, 0xffff, 0xffff, 0xffff, 0xffff, 0xffff, 0x0000, 0xdfff, 0xdfff, 0xff45, 0xff45, 0xdfff, 0xdfff, 0xdfff, 0xdfff, 0xdfff, 0xdfff, 0xdfff, 0xdfff, 0xdfff, 0xdfff, 0xdfff, 0xdfff, 0x0000, 0x0000, 0x0000, 0xffff, 0xffff, 0xffff, 0xffff, 0xffff, 0xffff,
		0xffff, 0xffff, 0xffff, 0xffff, 0xffff, 0x0000, 0xdfff, 0xdfff, 0xdfff, 0xff45, 0xdfff, 0xdfff, 0xdfff, 0xdfff, 0xdfff, 0xdfff, 0xdfff, 0xdfff, 0xdfff, 0xdfff, 0xdfff, 0xdfff, 0xdfff, 0xdfff, 0xdfff, 0xdfff, 0x0000, 0xffff, 0xffff, 0xffff, 0xffff, 0xffff,
		0xffff, 0xffff, 0xffff, 0xffff, 0xffff, 0x0000, 0xdfff, 0xdfff, 0xff45, 0xff45, 0xdfff, 0xdfff, 0xdfff, 0xdfff, 0xdfff, 0xdfff, 0xdfff, 0xdfff, 0xdfff, 0xdfff, 0xdfff, 0xff45, 0xdfff, 0xdfff, 0xdfff, 0xdfff, 0x0000, 0xffff, 0xffff, 0xffff, 0xffff, 0xffff,
		0xffff, 0xffff, 0xffff, 0xffff, 0xffff, 0x0000, 0xdfff, 0xdfff, 0xff45, 0xff45, 0xdfff, 0xdfff, 0xdfff, 0xdfff, 0xdfff, 0xdfff, 0xdfff, 0xdfff, 0xdfff, 0xdfff, 0xdfff, 0xdfff, 0xff45, 0xdfff, 0xdfff, 0xdfff, 0xdfff, 0x0000, 0xffff, 0xffff, 0xffff, 0xffff,
		0xffff, 0xffff, 0xffff, 0xffff, 0xffff, 0xffff, 0x0000, 0xdfff, 0xdfff, 0xff45, 0xff45, 0xdfff, 0xdfff, 0xdfff, 0xdfff, 0xdfff, 0xdfff, 0xdfff, 0xdfff, 0xdfff, 0xdfff, 0xdfff, 0xff45, 0xdfff, 0xdfff, 0xdfff, 0xdfff, 0xdfff, 0x0000, 0xffff, 0xffff, 0xffff,
		0xffff, 0xffff, 0xffff, 0xffff, 0xffff, 0xffff, 0xffff, 0x0000, 0xdfff, 0xff45, 0xff45, 0xdfff, 0xdfff, 0xdfff, 0xdfff, 0xdfff, 0xdfff, 0xdfff, 0xdfff, 0xdfff, 0xdfff, 0xdfff, 0xdfff, 0xdfff, 0xdfff, 0xdfff, 0xdfff, 0xdfff, 0x0000, 0xffff, 0xffff, 0xffff,
		0xffff, 0xffff, 0xffff, 0xffff, 0xffff, 0xffff, 0x0000, 0xdfff, 0xdfff, 0xdfff, 0xff45, 0xff45, 0xdfff, 0xdfff, 0xdfff, 0xdfff, 0xdfff, 0xdfff, 0xdfff, 0xdfff, 0xdfff, 0xdfff, 0xdfff, 0xdfff, 0xdfff, 0xdfff, 0xdfff, 0xdfff, 0x0000, 0xffff, 0xffff, 0xffff,
		0xffff, 0xffff, 0xffff, 0xffff, 0xffff, 0xffff, 0x0000, 0xdfff, 0xdfff, 0xff45, 0xff45, 0xdfff, 0xff45, 0xdfff, 0xdfff, 0xdfff, 0xdfff, 0xdfff, 0xdfff, 0xdfff, 0xdfff, 0xdfff, 0xdfff, 0xff45, 0xdfff, 0xdfff, 0xdfff, 0xdfff, 0x0000, 0xffff, 0xffff, 0xffff,
		0xffff, 0xffff, 0xffff, 0xffff, 0xffff, 0x0000, 0xdfff, 0xdfff, 0xff45, 0xff45, 0xdfff, 0xdfff, 0xdfff, 0xdfff, 0xdfff, 0xdfff, 0xdfff, 0xdfff, 0xdfff, 0xdfff, 0xdfff, 0xdfff, 0xff45, 0xdfff, 0xdfff, 0xdfff, 0xdfff, 0x0000, 0xffff, 0xffff, 0xffff, 0xffff,
		0xffff, 0xffff, 0xffff, 0xffff, 0xffff, 0x0000, 0xdfff, 0xdfff, 0xff45, 0xff45, 0xdfff, 0xdfff, 0xdfff, 0xdfff, 0xdfff, 0xdfff, 0xdfff, 0xdfff, 0xdfff, 0xdfff, 0xdfff, 0xdfff, 0xdfff, 0xdfff, 0xdfff, 0x0000, 0x0000, 0xffff, 0xffff, 0xffff, 0xffff, 0xffff,
		0xffff, 0xffff, 0xffff, 0xffff, 0xffff, 0x0000, 0xdfff, 0xdfff, 0xff45, 0xff45, 0xdfff, 0xdfff, 0xdfff, 0xdfff, 0xdfff, 0xdfff, 0xdfff, 0xdfff, 0xdfff, 0xdfff, 0xdfff, 0xdfff, 0xdfff, 0xdfff, 0x0000, 0xffff, 0xffff, 0xffff, 0xffff, 0xffff, 0xffff, 0xffff,
		0xffff, 0xffff, 0xffff, 0xffff, 0xffff, 0x0000, 0xdfff, 0xdfff, 0xdfff, 0xff45, 0xdfff, 0xdfff, 0xdfff, 0xdfff, 0xdfff, 0xdfff, 0xdfff, 0xdfff, 0xdfff, 0xdfff, 0xdfff, 0xdfff, 0xdfff, 0xdfff, 0xdfff, 0x0000, 0xffff, 0xffff, 0xffff, 0xffff, 0xffff, 0xffff,
		0xffff, 0xffff, 0xffff, 0xffff, 0xffff, 0xffff, 0x0000, 0xdfff, 0xdfff, 0xdfff, 0xff45, 0xdfff, 0xdfff, 0xdfff, 0xdfff, 0xdfff, 0xdfff, 0xdfff, 0xdfff, 0xdfff, 0xdfff, 0xdfff, 0xdfff, 0xdfff, 0x0000, 0xffff, 0xffff, 0xffff, 0xffff, 0xffff, 0xffff, 0xffff,
		0xffff, 0xffff, 0xffff, 0xffff, 0xffff, 0xffff, 0x0000, 0xdfff, 0xdfff, 0xdfff, 0xdfff, 0xdfff, 0xdfff, 0xdfff, 0xdfff, 0xdfff, 0xdfff, 0xdfff, 0xdfff, 0xdfff, 0xdfff, 0x0000, 0x0000, 0x0000, 0xffff, 0xffff, 0xffff, 0xffff, 0xffff, 0xffff, 0xffff, 0xffff,
		0xffff, 0xffff, 0xffff, 0xffff, 0xffff, 0xffff, 0xffff, 0x0000, 0xdfff, 0xdfff, 0xdfff, 0xdfff, 0xdfff, 0xdfff, 0xdfff, 0xdfff, 0xdfff, 0xdfff, 0xdfff, 0x0000, 0x0000, 0xffff, 0xffff, 0xffff, 0xffff, 0xffff, 0xffff, 0xffff, 0xffff, 0xffff, 0xffff, 0xffff,
		0xffff, 0xffff, 0xffff, 0xffff, 0xffff, 0xffff, 0x0000, 0xdfff, 0xdfff, 0xdfff, 0xdfff, 0xdfff, 0xdfff, 0xdfff, 0xdfff, 0xdfff, 0xdfff, 0xdfff, 0x0000, 0xffff, 0xffff, 0xffff, 0xffff, 0xffff, 0xffff, 0xffff, 0xffff, 0xffff, 0xffff, 0xffff, 0xffff, 0xffff,
		0xffff, 0xffff, 0xffff, 0xffff, 0xffff, 0xffff, 0x0000, 0xdfff, 0xdfff, 0xdfff, 0xdfff, 0xdfff, 0xdfff, 0xdfff, 0xdfff, 0xdfff, 0xdfff, 0xdfff, 0xdfff, 0x0000, 0xffff, 0xffff, 0xffff, 0xffff, 0xffff, 0xffff, 0xffff, 0xffff, 0xffff, 0xffff, 0xffff, 0xffff,
		0xffff, 0xffff, 0xffff, 0xffff, 0xffff, 0xffff, 0xffff, 0x0000, 0xdfff, 0xdfff, 0xdfff, 0xdfff, 0xdfff, 0xdfff, 0xdfff, 0xdfff, 0xdfff, 0xdfff, 0xdfff, 0xdfff, 0x0000, 0xffff, 0xffff, 0xffff, 0xffff, 0xffff, 0xffff, 0xffff, 0xffff, 0xffff, 0xffff, 0xffff,
		0xffff, 0xffff, 0xffff, 0xffff, 0xffff, 0xffff, 0xffff, 0x0000, 0xdfff, 0xdfff, 0xdfff, 0xdfff, 0xdfff, 0xdfff, 0xdfff, 0xdfff, 0xdfff, 0x0000, 0x0000, 0x0000, 0xffff, 0xffff, 0xffff, 0xffff, 0xffff, 0xffff, 0xffff, 0xffff, 0xffff, 0xffff, 0xffff, 0xffff,
		0xffff, 0xffff, 0xffff, 0xffff, 0xffff, 0xffff, 0xffff, 0xffff, 0x0000, 0xdfff, 0xdfff, 0xdfff, 0x0000, 0xdfff, 0xdfff, 0xdfff, 0x0000, 0xffff, 0xffff, 0xffff, 0xffff, 0xffff, 0xffff, 0xffff, 0xffff, 0xffff, 0xffff, 0xffff, 0xffff, 0xffff, 0xffff, 0xffff,
		0xffff, 0xffff, 0xffff, 0xffff, 0xffff, 0xffff, 0xffff, 0xffff, 0x0000, 0xdfff, 0xdfff, 0x0000, 0xffff, 0x0000, 0xdfff, 0xdfff, 0xdfff, 0x0000, 0xffff, 0xffff, 0xffff, 0xffff, 0xffff, 0xffff, 0xffff, 0xffff, 0xffff, 0xffff, 0xffff, 0xffff, 0xffff, 0xffff,
		0xffff, 0xffff, 0xffff, 0xffff, 0xffff, 0xffff, 0xffff, 0xffff, 0xffff, 0xffff, 0x0000, 0xffff, 0xffff, 0xffff, 0x0000, 0x0000, 0x0000, 0xffff, 0xffff, 0xffff, 0xffff, 0xffff, 0xffff, 0xffff, 0xffff, 0xffff, 0xffff, 0xffff, 0xffff, 0xffff, 0xffff, 0xffff
};

const BackgroundAsset_t CHMURKA_ASSET = {
		.id = BG_CHMURKA_OBJECT_ID,
		.baseAsset.sprite.bitmap = chmurka_32x32_dma,
		.baseAsset.sprite.size.x = 32,
		.baseAsset.sprite.size.y = 32,
};

static const uint16_t krzak_32x16_dma[32*16] = {
0xffff, 0x0000, 0x0000, 0xffff, 0xffff, 0xffff, 0xffff, 0xffff, 0xffff, 0xffff, 0xffff, 0xffff, 0xffff, 0xffff, 0xffff, 0xffff, 0x0000, 0xe277, 0xe277, 0x0000, 0xffff, 0xffff, 0xffff, 0xffff, 0xffff, 0xffff, 0xffff, 0xffff, 0xffff, 0xffff, 0xffff, 0xffff, 
0xe277, 0xe277, 0xe277, 0x0000, 0xffff, 0xffff, 0xffff, 0xffff, 0xffff, 0xffff, 0xffff, 0xffff, 0xffff, 0xffff, 0xffff, 0xffff, 0xe277, 0xe277, 0xe277, 0xe277, 0xe277, 0x0000, 0xffff, 0xffff, 0xffff, 0xffff, 0xffff, 0xffff, 0xffff, 0xffff, 0xffff, 0xffff, 
0xe277, 0xe277, 0xe277, 0xe277, 0xe277, 0xe277, 0x0000, 0xffff, 0xffff, 0xffff, 0xffff, 0xffff, 0xffff, 0xffff, 0xffff, 0xffff, 0xe277, 0xe277, 0xe277, 0xe277, 0xe277, 0xe277, 0xe277, 0x0000, 0xffff, 0xffff, 0xffff, 0xffff, 0xffff, 0xffff, 0xffff, 0xffff, 
0xe277, 0xe277, 0xe277, 0xe277, 0xe277, 0xe277, 0xe277, 0x0000, 0xffff, 0xffff, 0xffff, 0xffff, 0xffff, 0xffff, 0xffff, 0xffff, 0xe277, 0xe277, 0xe277, 0xe277, 0xe277, 0xe277, 0xe277, 0x0000, 0xffff, 0xffff, 0xffff, 0xffff, 0xffff, 0xffff, 0xffff, 0xffff, 
0xe277, 0xe277, 0xe277, 0xe277, 0xe277, 0xe277, 0xe277, 0xe277, 0x0000, 0xffff, 0xffff, 0xffff, 0xffff, 0xffff, 0xffff, 0xffff, 0xe277, 0xe277, 0xe277, 0xe277, 0xe277, 0xe277, 0xe277, 0xe277, 0xe277, 0x0000, 0xffff, 0xffff, 0xffff, 0xffff, 0xffff, 0xffff, 
0xe277, 0xe277, 0xe277, 0xe277, 0xe277, 0xe277, 0xe277, 0xe277, 0xe277, 0xe277, 0x0000, 0x0000, 0x0000, 0xffff, 0xffff, 0xffff, 0xe277, 0xe277, 0xe277, 0xe277, 0xe277, 0xe277, 0xe277, 0xe277, 0xe277, 0xe277, 0xe277, 0xe277, 0xe277, 0x0000, 0xffff, 0xffff, 
0xe277, 0xe277, 0xe277, 0xe277, 0xe277, 0xe277, 0xe277, 0xe277, 0xa2b1, 0xe277, 0xe277, 0xe277, 0xe277, 0x0000, 0xffff, 0xffff, 0xe277, 0xe277, 0xe277, 0xe277, 0xe277, 0xe277, 0xe277, 0xe277, 0xe277, 0xa2b1, 0xe277, 0xe277, 0xe277, 0xe277, 0x0000, 0xffff, 
0xe277, 0xe277, 0xe277, 0xe277, 0xe277, 0xe277, 0xe277, 0xe277, 0xe277, 0xa2b1, 0xe277, 0xe277, 0xe277, 0xe277, 0xe277, 0x0000, 0xe277, 0xe277, 0xe277, 0xe277, 0xe277, 0xe277, 0xe277, 0xe277, 0xe277, 0xe277, 0xe277, 0xe277, 0xe277, 0xe277, 0xe277, 0x0000, 
0xe277, 0xe277, 0xe277, 0xe277, 0xe277, 0xe277, 0xe277, 0xe277, 0xe277, 0xe277, 0xe277, 0xe277, 0xe277, 0xe277, 0xe277, 0x0000, 0xe277, 0xe277, 0xe277, 0xe277, 0xe277, 0xe277, 0xe277, 0xe277, 0xe277, 0xe277, 0xa2b1, 0xe277, 0xe277, 0xe277, 0xe277, 0x0000, 
0xe277, 0xe277, 0xe277, 0xe277, 0xe277, 0xe277, 0xe277, 0xe277, 0xe277, 0xa2b1, 0xe277, 0xe277, 0xe277, 0xe277, 0x0000, 0xffff, 0xe277, 0xe277, 0xe277, 0xe277, 0xe277, 0xe277, 0xe277, 0xe277, 0xe277, 0xe277, 0xe277, 0xe277, 0x0000, 0x0000, 0xffff, 0xffff, 
0xe277, 0xe277, 0xe277, 0xe277, 0xe277, 0xe277, 0xe277, 0xe277, 0xe277, 0xe277, 0xe277, 0x0000, 0xffff, 0xffff, 0xffff, 0xffff, 0xe277, 0xe277, 0xe277, 0xe277, 0xe277, 0xe277, 0xe277, 0xe277, 0xe277, 0xe277, 0xe277, 0xe277, 0x0000, 0xffff, 0xffff, 0xffff, 
0xe277, 0xe277, 0xe277, 0xe277, 0xe277, 0xe277, 0xe277, 0xe277, 0xe277, 0xe277, 0xe277, 0x0000, 0xffff, 0xffff, 0xffff, 0xffff, 0xe277, 0xe277, 0xe277, 0xe277, 0xe277, 0xe277, 0xe277, 0xe277, 0x0000, 0x0000, 0x0000, 0xffff, 0xffff, 0xffff, 0xffff, 0xffff, 
0xe277, 0xe277, 0xe277, 0xe277, 0xe277, 0xe277, 0x0000, 0x0000, 0xffff, 0xffff, 0xffff, 0xffff, 0xffff, 0xffff, 0xffff, 0xffff, 0xe277, 0xe277, 0xe277, 0xe277, 0xe277, 0x0000, 0xffff, 0xffff, 0xffff, 0xffff, 0xffff, 0xffff, 0xffff, 0xffff, 0xffff, 0xffff, 
0xe277, 0xe277, 0xe277, 0xe277, 0xe277, 0xe277, 0x0000, 0xffff, 0xffff, 0xffff, 0xffff, 0xffff, 0xffff, 0xffff, 0xffff, 0xffff, 0xe277, 0xe277, 0xe277, 0xe277, 0xe277, 0xe277, 0xe277, 0x0000, 0xffff, 0xffff, 0xffff, 0xffff, 0xffff, 0xffff, 0xffff, 0xffff, 
0xe277, 0xe277, 0xe277, 0xe277, 0x0000, 0x0000, 0x0000, 0xffff, 0xffff, 0xffff, 0xffff, 0xffff, 0xffff, 0xffff, 0xffff, 0xffff, 0xe277, 0xe277, 0xe277, 0x0000, 0xffff, 0xffff, 0xffff, 0xffff, 0xffff, 0xffff, 0xffff, 0xffff, 0xffff, 0xffff, 0xffff, 0xffff, 
0x0000, 0xe277, 0xe277, 0xe277, 0x0000, 0xffff, 0xffff, 0xffff, 0xffff, 0xffff, 0xffff, 0xffff, 0xffff, 0xffff, 0xffff, 0xffff, 0xffff, 0x0000, 0x0000, 0x0000, 0xffff, 0xffff, 0xffff, 0xffff, 0xffff, 0xffff, 0xffff, 0xffff, 0xffff, 0xffff, 0xffff, 0xffff
};

const BackgroundAsset_t KRZAK_ASSET = {
		.id = BG_KRZAK_OBJECT_ID,
		.baseAsset.sprite.bitmap = krzak_32x16_dma,
		.baseAsset.sprite.size.x = 32,
		.baseAsset.sprite.size.y = 16,
};


static const uint16_t goomba_16x16_dma[256] = {
		0xffff, 0xffff, 0xffff, 0xffff, 0xffff, 0x04a9, 0x04a9, 0x04a9, 0xffff, 0xffff, 0xffff, 0xffff, 0xffff, 0xffff, 0xffff, 0xffff,
		0xffff, 0xffff, 0xffff, 0xffff, 0x04a9, 0x04a9, 0x04a9, 0x04a9, 0x04a9, 0x04a9, 0xffff, 0xffff, 0xffff, 0xffff, 0xffff, 0xffff,
		0xffff, 0xffff, 0xffff, 0xffff, 0x04a9, 0x04a9, 0x04a9, 0x04a9, 0x04a9, 0x04a9, 0x04a9, 0xffff, 0xffff, 0xffff, 0xffff, 0xffff,
		0x0000, 0x0000, 0xffff, 0xffff, 0x04a9, 0x04a9, 0x04a9, 0x04a9, 0x04a9, 0x04a9, 0x0000, 0x04a9, 0xffff, 0xffff, 0xffff, 0xffff,
		0x0000, 0x0000, 0xd6fd, 0xd6fd, 0x04a9, 0x04a9, 0xd6fd, 0xd6fd, 0xd6fd, 0xd6fd, 0x0000, 0x04a9, 0x04a9, 0xffff, 0xffff, 0xffff,
		0x0000, 0xd6fd, 0xd6fd, 0xd6fd, 0xd6fd, 0x04a9, 0xd6fd, 0x0000, 0x0000, 0x0000, 0x04a9, 0x04a9, 0x04a9, 0x04a9, 0xffff, 0xffff,
		0xd6fd, 0xd6fd, 0xd6fd, 0xd6fd, 0xd6fd, 0x04a9, 0xd6fd, 0xd6fd, 0x0000, 0x04a9, 0x04a9, 0x04a9, 0x04a9, 0x04a9, 0x04a9, 0xffff,
		0xd6fd, 0xd6fd, 0xd6fd, 0xd6fd, 0xd6fd, 0x04a9, 0x04a9, 0x04a9, 0x0000, 0x04a9, 0x04a9, 0x04a9, 0x04a9, 0x04a9, 0x04a9, 0xffff,
		0xd6fd, 0xd6fd, 0xd6fd, 0xd6fd, 0xd6fd, 0x04a9, 0x04a9, 0x04a9, 0x0000, 0x04a9, 0x04a9, 0x04a9, 0x04a9, 0x04a9, 0x04a9, 0xffff,
		0x0000, 0xd6fd, 0xd6fd, 0xd6fd, 0xd6fd, 0x04a9, 0xd6fd, 0xd6fd, 0x0000, 0x04a9, 0x04a9, 0x04a9, 0x04a9, 0x04a9, 0x04a9, 0xffff,
		0x0000, 0x0000, 0xd6fd, 0xd6fd, 0xd6fd, 0x04a9, 0xd6fd, 0x0000, 0x0000, 0x0000, 0x04a9, 0x04a9, 0x04a9, 0x04a9, 0xffff, 0xffff,
		0x0000, 0x0000, 0xd6fd, 0xd6fd, 0x04a9, 0x04a9, 0xd6fd, 0xd6fd, 0xd6fd, 0xd6fd, 0x0000, 0x04a9, 0x04a9, 0xffff, 0xffff, 0xffff,
		0x0000, 0x0000, 0x0000, 0xffff, 0x04a9, 0x04a9, 0x04a9, 0x04a9, 0x04a9, 0x04a9, 0x0000, 0x04a9, 0xffff, 0xffff, 0xffff, 0xffff,
		0x0000, 0x0000, 0x0000, 0xffff, 0x04a9, 0x04a9, 0x04a9, 0x04a9, 0x04a9, 0x04a9, 0x04a9, 0xffff, 0xffff, 0xffff, 0xffff, 0xffff,
		0x0000, 0x0000, 0xffff, 0xffff, 0x04a9, 0x04a9, 0x04a9, 0x04a9, 0x04a9, 0x04a9, 0xffff, 0xffff, 0xffff, 0xffff, 0xffff, 0xffff,
		0xffff, 0xffff, 0xffff, 0xffff, 0xffff, 0x04a9, 0x04a9, 0x04a9, 0xffff, 0xffff, 0xffff, 0xffff, 0xffff, 0xffff, 0xffff, 0xffff
	};

const SimpleAsset_t GOOMBA_ASSET = {
		.id = ENEMY_GOOMBA_ID,
		.baseAsset.sprite.bitmap = goomba_16x16_dma,
		.baseAsset.sprite.size.x = 16,
		.baseAsset.sprite.size.y = 16,
		.BBox.p1.x = 0,
		.BBox.p1.y = 0,
		.BBox.p2.x = 16,
		.BBox.p2.y = 16,
};


static const uint16_t koopa_walk_1_16x32_dma[512] = {
0xffff, 0xffff, 0xffff, 0xffff, 0xffff, 0xffff, 0xffff, 0xffff, 0xffff, 0xffff, 0x20fc, 0x20fc, 0x20fc, 0x20fc, 0x20fc, 0x20fc, 
0xffff, 0xffff, 0xffff, 0xffff, 0xffff, 0xffff, 0xffff, 0xffff, 0xffff, 0xffff, 0xffff, 0xffff, 0xffff, 0xffff, 0xffff, 0xffff, 
0x20fc, 0xffff, 0xffff, 0xffff, 0xffff, 0xffff, 0xffff, 0xffff, 0xffff, 0x20fc, 0x20fc, 0x20fc, 0x20fc, 0x20fc, 0x20c9, 0x20fc, 
0x20fc, 0x20fc, 0x20fc, 0x20fc, 0xffff, 0xffff, 0xffff, 0xffff, 0xffff, 0xffff, 0xffff, 0xffff, 0xffff, 0xffff, 0xffff, 0xffff, 
0x20fc, 0x20fc, 0xffff, 0xffff, 0xffff, 0xffff, 0xffff, 0x20fc, 0xffff, 0xffff, 0xffff, 0xffff, 0x20fc, 0x20fc, 0x20fc, 0x20fc, 
0xdfff, 0x20c9, 0x20c9, 0x20c9, 0xdfff, 0xdfff, 0xffff, 0xffff, 0xffff, 0xffff, 0xffff, 0xffff, 0xffff, 0xffff, 0xffff, 0xffff, 
0x20fc, 0x20fc, 0x20fc, 0xffff, 0xffff, 0x20fc, 0x20fc, 0x20fc, 0x20fc, 0x20fc, 0x20fc, 0xffff, 0xffff, 0x20fc, 0x20fc, 0xdfff, 
0xdfff, 0xdfff, 0xdfff, 0xdfff, 0xdfff, 0xdfff, 0xdfff, 0xffff, 0xffff, 0xffff, 0xffff, 0xffff, 0xffff, 0xffff, 0xffff, 0xffff, 
0x20fc, 0x20fc, 0x20fc, 0xdfff, 0xdfff, 0xdfff, 0xdfff, 0xdfff, 0x20fc, 0x20fc, 0x20fc, 0x20fc, 0x20fc, 0x20fc, 0x20fc, 0x20fc, 
0xdfff, 0xdfff, 0xdfff, 0xdfff, 0xdfff, 0xdfff, 0xffff, 0xffff, 0xffff, 0xffff, 0xffff, 0xffff, 0xffff, 0xffff, 0xffff, 0xffff, 
0x20fc, 0x20fc, 0xdfff, 0xdfff, 0x20c9, 0x20fc, 0x20c9, 0xdfff, 0xdfff, 0xdfff, 0xdfff, 0x20fc, 0x20fc, 0x20fc, 0x20fc, 0x20fc, 
0x20fc, 0x20fc, 0x20fc, 0x20fc, 0x20fc, 0xffff, 0xffff, 0xffff, 0xffff, 0xffff, 0xffff, 0xffff, 0xffff, 0xffff, 0xffff, 0xffff, 
0xffff, 0x20fc, 0xdfff, 0x20c9, 0x20c9, 0x20c9, 0x20fc, 0x20c9, 0x20fc, 0x20c9, 0x20c9, 0xffff, 0xffff, 0xffff, 0x20fc, 0x20fc, 
0x20fc, 0x20fc, 0x20fc, 0x20fc, 0xffff, 0xffff, 0xffff, 0xffff, 0xffff, 0xffff, 0xffff, 0xffff, 0xffff, 0xffff, 0xffff, 0xffff, 
0xffff, 0xdfff, 0xdfff, 0x20c9, 0x20c9, 0x20c9, 0x20c9, 0x20fc, 0x20c9, 0x20c9, 0x20c9, 0x20c9, 0x20c9, 0xffff, 0xffff, 0xffff, 
0xffff, 0xffff, 0xffff, 0xffff, 0xffff, 0xffff, 0xffff, 0xffff, 0xffff, 0xffff, 0xffff, 0xffff, 0xffff, 0xffff, 0xffff, 0xffff, 
0xffff, 0xdfff, 0x20fc, 0x20c9, 0x20c9, 0x20c9, 0x20fc, 0x20c9, 0x20fc, 0x20c9, 0x20c9, 0x20c9, 0x20fc, 0x20c9, 0xffff, 0xffff, 
0xffff, 0xffff, 0xffff, 0xffff, 0xffff, 0xffff, 0xffff, 0xffff, 0xffff, 0xffff, 0xffff, 0xffff, 0xffff, 0xffff, 0xffff, 0xffff, 
0xffff, 0xdfff, 0x20c9, 0x20fc, 0x20c9, 0x20fc, 0x20c9, 0x20c9, 0x20c9, 0x20fc, 0x20c9, 0x20fc, 0x20c9, 0x20c9, 0xffff, 0xffff, 
0xffff, 0xffff, 0xffff, 0xffff, 0xffff, 0xffff, 0xffff, 0xffff, 0xffff, 0xffff, 0xffff, 0xffff, 0xffff, 0xffff, 0xffff, 0xffff, 
0xffff, 0xdfff, 0x20c9, 0x20c9, 0x20fc, 0x20c9, 0x20c9, 0x20c9, 0x20c9, 0x20c9, 0x20fc, 0x20c9, 0x20c9, 0x20c9, 0xffff, 0xffff, 
0xffff, 0xffff, 0xffff, 0xffff, 0xffff, 0xffff, 0xffff, 0xffff, 0xffff, 0xffff, 0xffff, 0xffff, 0xffff, 0xffff, 0xffff, 0xffff, 
0xffff, 0xdfff, 0xdfff, 0x20fc, 0x20c9, 0x20fc, 0x20c9, 0x20c9, 0x20c9, 0x20fc, 0x20c9, 0x20fc, 0x20c9, 0x20c9, 0xffff, 0xffff, 
0xffff, 0xffff, 0xffff, 0xffff, 0xffff, 0xffff, 0xffff, 0xffff, 0xffff, 0xffff, 0xffff, 0xffff, 0xffff, 0xffff, 0xffff, 0xffff, 
0x20fc, 0x20fc, 0xdfff, 0x20c9, 0x20c9, 0x20c9, 0x20fc, 0x20c9, 0x20fc, 0x20c9, 0xdfff, 0x20c9, 0x20fc, 0x20c9, 0xffff, 0xffff, 
0xffff, 0xffff, 0xffff, 0xffff, 0xffff, 0xffff, 0xffff, 0xffff, 0xffff, 0xffff, 0xffff, 0xffff, 0xffff, 0xffff, 0xffff, 0xffff, 
0x20fc, 0x20fc, 0xdfff, 0xdfff, 0x20c9, 0x20c9, 0x20c9, 0x20fc, 0x20c9, 0xdfff, 0xdfff, 0x20c9, 0x20c9, 0xffff, 0xffff, 0xffff, 
0xffff, 0xffff, 0xffff, 0xffff, 0xffff, 0xffff, 0xffff, 0xffff, 0xffff, 0xffff, 0xffff, 0xffff, 0xffff, 0xffff, 0xffff, 0xffff, 
0x20fc, 0x20fc, 0xffff, 0xdfff, 0x20c9, 0x20c9, 0x20fc, 0x20c9, 0x20fc, 0x20c9, 0x20c9, 0x20c9, 0xffff, 0xffff, 0xffff, 0xffff, 
0xffff, 0xffff, 0xffff, 0xffff, 0xffff, 0xffff, 0xffff, 0xffff, 0xffff, 0xffff, 0xffff, 0xffff, 0xffff, 0xffff, 0xffff, 0xffff, 
0x20fc, 0xffff, 0xffff, 0xdfff, 0xffff, 0xffff, 0xffff, 0xffff, 0xffff, 0xffff, 0xffff, 0xffff, 0xffff, 0xffff, 0xffff, 0xffff, 
0xffff, 0xffff, 0xffff, 0xffff, 0xffff, 0xffff, 0xffff, 0xffff, 0xffff, 0xffff, 0xffff, 0xffff, 0xffff, 0xffff, 0xffff, 0xffff
};

static const uint16_t koopa_walk_2_16x32_dma[512] = {
0xffff, 0xffff, 0xffff, 0xffff, 0xffff, 0xffff, 0xffff, 0xffff, 0xffff, 0xffff, 0xffff, 0xffff, 0xffff, 0x20fc, 0x20fc, 0x20fc, 
0x20fc, 0xffff, 0xffff, 0xffff, 0xffff, 0xffff, 0xffff, 0xffff, 0xffff, 0xffff, 0xffff, 0xffff, 0xffff, 0xffff, 0xffff, 0xffff, 
0xffff, 0xffff, 0xffff, 0xffff, 0xffff, 0xffff, 0xffff, 0xffff, 0xffff, 0xffff, 0x20fc, 0xffff, 0xffff, 0x20fc, 0x20fc, 0x20fc, 
0x20c9, 0x20fc, 0x20fc, 0x20fc, 0xffff, 0xffff, 0xffff, 0xffff, 0xffff, 0xffff, 0xffff, 0xffff, 0xffff, 0xffff, 0xffff, 0xffff, 
0xffff, 0xffff, 0xffff, 0xffff, 0xffff, 0xffff, 0xffff, 0xffff, 0xffff, 0x20fc, 0x20fc, 0xffff, 0xffff, 0xffff, 0x20fc, 0x20fc, 
0x20fc, 0x20fc, 0x20fc, 0x20fc, 0x20fc, 0x20fc, 0xffff, 0xffff, 0xffff, 0xffff, 0xffff, 0xffff, 0xffff, 0xffff, 0xffff, 0xffff, 
0xffff, 0xffff, 0xffff, 0xffff, 0xffff, 0xffff, 0x20fc, 0x20fc, 0x20fc, 0x20fc, 0x20fc, 0x20fc, 0xffff, 0xffff, 0xffff, 0x20fc, 
0x20fc, 0xdfff, 0x20c9, 0x20c9, 0x20c9, 0xdfff, 0xdfff, 0xffff, 0xffff, 0xffff, 0xffff, 0xffff, 0xffff, 0xffff, 0xffff, 0xffff, 
0xffff, 0xffff, 0x20fc, 0x20fc, 0xdfff, 0xdfff, 0xdfff, 0xdfff, 0xdfff, 0x20fc, 0x20fc, 0x20fc, 0x20fc, 0xffff, 0xffff, 0x20fc, 
0xdfff, 0xdfff, 0xdfff, 0xdfff, 0xdfff, 0xdfff, 0xdfff, 0xdfff, 0xffff, 0xffff, 0xffff, 0xffff, 0xffff, 0xffff, 0xffff, 0xffff, 
0xffff, 0x20fc, 0x20fc, 0xdfff, 0xdfff, 0x20c9, 0x20fc, 0x20c9, 0xdfff, 0xdfff, 0xdfff, 0xdfff, 0x20fc, 0x20fc, 0x20fc, 0x20fc, 
0x20fc, 0xdfff, 0xdfff, 0xdfff, 0xdfff, 0xdfff, 0xdfff, 0xffff, 0xffff, 0xffff, 0xffff, 0xffff, 0xffff, 0xffff, 0xffff, 0xffff, 
0x20fc, 0x20fc, 0x20fc, 0xdfff, 0x20c9, 0x20c9, 0x20c9, 0x20fc, 0x20c9, 0x20fc, 0x20c9, 0x20c9, 0xdfff, 0xdfff, 0x20fc, 0x20fc, 
0x20fc, 0x20fc, 0x20fc, 0x20fc, 0x20fc, 0xffff, 0xffff, 0xffff, 0xffff, 0xffff, 0xffff, 0xffff, 0xffff, 0xffff, 0xffff, 0xffff, 
0x20fc, 0x20fc, 0xdfff, 0xdfff, 0x20c9, 0x20c9, 0x20c9, 0x20c9, 0x20fc, 0x20c9, 0x20c9, 0x20c9, 0x20c9, 0x20c9, 0xffff, 0xffff, 
0xffff, 0xffff, 0xffff, 0xffff, 0xffff, 0xffff, 0xffff, 0xffff, 0xffff, 0xffff, 0xffff, 0xffff, 0xffff, 0xffff, 0xffff, 0xffff, 
0x20fc, 0xffff, 0xdfff, 0x20fc, 0x20c9, 0x20c9, 0x20c9, 0x20fc, 0x20c9, 0x20fc, 0x20c9, 0x20c9, 0x20c9, 0x20fc, 0x20c9, 0xffff, 
0xffff, 0xffff, 0xffff, 0xffff, 0xffff, 0xffff, 0xffff, 0xffff, 0xffff, 0xffff, 0xffff, 0xffff, 0xffff, 0xffff, 0xffff, 0xffff, 
0xffff, 0xffff, 0xdfff, 0x20c9, 0x20fc, 0x20c9, 0x20fc, 0x20c9, 0x20c9, 0x20c9, 0x20fc, 0x20c9, 0x20fc, 0x20c9, 0x20c9, 0xffff, 
0xffff, 0xffff, 0xffff, 0xffff, 0xffff, 0xffff, 0xffff, 0xffff, 0xffff, 0xffff, 0xffff, 0xffff, 0xffff, 0xffff, 0xffff, 0xffff, 
0xffff, 0xffff, 0xdfff, 0x20c9, 0x20c9, 0x20fc, 0x20c9, 0x20c9, 0x20c9, 0x20c9, 0x20c9, 0x20fc, 0x20c9, 0x20c9, 0x20c9, 0xffff, 
0xffff, 0xffff, 0xffff, 0xffff, 0xffff, 0xffff, 0xffff, 0xffff, 0xffff, 0xffff, 0xffff, 0xffff, 0xffff, 0xffff, 0xffff, 0xffff, 
0x20fc, 0xffff, 0xdfff, 0xdfff, 0x20fc, 0x20c9, 0x20fc, 0x20c9, 0x20c9, 0x20c9, 0x20fc, 0x20c9, 0x20fc, 0x20c9, 0x20c9, 0xffff, 
0xffff, 0xffff, 0xffff, 0xffff, 0xffff, 0xffff, 0xffff, 0xffff, 0xffff, 0xffff, 0xffff, 0xffff, 0xffff, 0xffff, 0xffff, 0xffff, 
0x20fc, 0x20fc, 0x20fc, 0xdfff, 0x20c9, 0x20c9, 0x20c9, 0x20fc, 0x20c9, 0x20fc, 0x20c9, 0xdfff, 0x20c9, 0x20fc, 0x20c9, 0xffff, 
0xffff, 0xffff, 0xffff, 0xffff, 0xffff, 0xffff, 0xffff, 0xffff, 0xffff, 0xffff, 0xffff, 0xffff, 0xffff, 0xffff, 0xffff, 0xffff, 
0x20fc, 0x20fc, 0x20fc, 0xdfff, 0xdfff, 0x20c9, 0x20c9, 0x20c9, 0x20fc, 0x20c9, 0xdfff, 0xdfff, 0x20c9, 0x20c9, 0xffff, 0xffff, 
0xffff, 0xffff, 0xffff, 0xffff, 0xffff, 0xffff, 0xffff, 0xffff, 0xffff, 0xffff, 0xffff, 0xffff, 0xffff, 0xffff, 0xffff, 0xffff, 
0xffff, 0x20fc, 0x20fc, 0x20fc, 0xdfff, 0x20c9, 0x20c9, 0x20fc, 0x20c9, 0x20fc, 0x20c9, 0x20c9, 0x20c9, 0xffff, 0xffff, 0xffff, 
0xffff, 0xffff, 0xffff, 0xffff, 0xffff, 0xffff, 0xffff, 0xffff, 0xffff, 0xffff, 0xffff, 0xffff, 0xffff, 0xffff, 0xffff, 0xffff, 
0xffff, 0xffff, 0xffff, 0xffff, 0xdfff, 0xffff, 0xffff, 0xffff, 0xffff, 0xffff, 0xffff, 0xffff, 0xffff, 0xffff, 0xffff, 0xffff, 
0xffff, 0xffff, 0xffff, 0xffff, 0xffff, 0xffff, 0xffff, 0xffff, 0xffff, 0xffff, 0xffff, 0xffff, 0xffff, 0xffff, 0xffff, 0xffff
};

static const uint16_t koopa_shell_1_16x16_dma[256] = {
0xffff, 0xffff, 0xffff, 0xffff, 0xffff, 0xdfff, 0xdfff, 0xffff, 0xffff, 0xffff, 0xffff, 0xffff, 0xffff, 0xffff, 0xffff, 0xffff, 
0xffff, 0xffff, 0xffff, 0xffff, 0xffff, 0xdfff, 0xdfff, 0x20c9, 0x20fc, 0xffff, 0xffff, 0xffff, 0xffff, 0xffff, 0xffff, 0xffff, 
0xffff, 0xffff, 0xffff, 0xffff, 0xffff, 0xdfff, 0xdfff, 0x20c9, 0x20c9, 0x20fc, 0x20c9, 0xffff, 0xffff, 0xffff, 0xffff, 0xffff, 
0xffff, 0xffff, 0xffff, 0xffff, 0xdfff, 0xdfff, 0x20c9, 0x20c9, 0x20c9, 0x20c9, 0x20fc, 0x20c9, 0x20c9, 0xffff, 0xffff, 0xffff, 
0xffff, 0xffff, 0xffff, 0xdfff, 0xdfff, 0x20fc, 0x20c9, 0x20c9, 0x20c9, 0x20fc, 0x20c9, 0x20fc, 0x20c9, 0x20c9, 0xffff, 0xffff, 
0xffff, 0xffff, 0xdfff, 0xdfff, 0x20c9, 0x20c9, 0x20fc, 0x20c9, 0x20fc, 0x20c9, 0x20c9, 0x20c9, 0x20fc, 0x20c9, 0x20fc, 0xffff, 
0xffff, 0xdfff, 0xdfff, 0x20c9, 0x20c9, 0x20c9, 0x20c9, 0x20fc, 0x20c9, 0x20c9, 0x20c9, 0x20c9, 0x20c9, 0x20fc, 0x20c9, 0xffff, 
0xffff, 0xdfff, 0xdfff, 0x20c9, 0x20c9, 0x20c9, 0x20c9, 0x20fc, 0x20c9, 0x20c9, 0x20c9, 0x20c9, 0x20c9, 0x20fc, 0x20c9, 0xffff, 
0xffff, 0xdfff, 0xdfff, 0x20c9, 0x20c9, 0x20c9, 0x20c9, 0x20fc, 0x20c9, 0x20c9, 0x20c9, 0x20c9, 0x20c9, 0x20fc, 0x20c9, 0xffff, 
0xffff, 0xdfff, 0xdfff, 0x20c9, 0x20c9, 0x20c9, 0x20c9, 0x20fc, 0x20c9, 0x20c9, 0x20c9, 0x20c9, 0x20c9, 0x20fc, 0x20c9, 0xffff, 
0xffff, 0xffff, 0xdfff, 0xdfff, 0x20c9, 0x20c9, 0x20fc, 0x20c9, 0x20fc, 0x20c9, 0x20c9, 0x20c9, 0x20fc, 0x20c9, 0x20fc, 0xffff, 
0xffff, 0xffff, 0xffff, 0xdfff, 0xdfff, 0x20fc, 0x20c9, 0x20c9, 0x20c9, 0x20fc, 0x20c9, 0x20fc, 0x20c9, 0x20c9, 0xffff, 0xffff, 
0xffff, 0xffff, 0xffff, 0xffff, 0xdfff, 0xdfff, 0x20c9, 0x20c9, 0x20c9, 0x20c9, 0x20fc, 0x20c9, 0x20c9, 0xffff, 0xffff, 0xffff, 
0xffff, 0xffff, 0xffff, 0xffff, 0xffff, 0xdfff, 0xdfff, 0x20c9, 0x20c9, 0x20fc, 0x20c9, 0xffff, 0xffff, 0xffff, 0xffff, 0xffff, 
0xffff, 0xffff, 0xffff, 0xffff, 0xffff, 0xdfff, 0xdfff, 0x20c9, 0x20fc, 0xffff, 0xffff, 0xffff, 0xffff, 0xffff, 0xffff, 0xffff, 
0xffff, 0xffff, 0xffff, 0xffff, 0xffff, 0xdfff, 0xdfff, 0xffff, 0xffff, 0xffff, 0xffff, 0xffff, 0xffff, 0xffff, 0xffff, 0xffff
};

static const uint16_t koopa_shell_2_16x16_dma[256] = {
0xffff, 0xffff, 0xffff, 0xffff, 0xffff, 0xdfff, 0xdfff, 0xffff, 0xffff, 0xffff, 0xffff, 0xffff, 0xffff, 0xffff, 0xffff, 0xffff, 
0x20fc, 0x20fc, 0x20fc, 0x20fc, 0xffff, 0xdfff, 0xdfff, 0x20c9, 0x20fc, 0xffff, 0xffff, 0xffff, 0xffff, 0xffff, 0xffff, 0xffff, 
0xffff, 0x20fc, 0x20fc, 0x20fc, 0x20fc, 0xdfff, 0xdfff, 0x20c9, 0x20c9, 0x20fc, 0x20c9, 0xffff, 0xffff, 0xffff, 0xffff, 0xffff, 
0xffff, 0xffff, 0x20fc, 0x20fc, 0xdfff, 0xdfff, 0x20c9, 0x20c9, 0x20c9, 0x20c9, 0x20fc, 0x20c9, 0x20c9, 0xffff, 0xffff, 0xffff, 
0xffff, 0xffff, 0xffff, 0xdfff, 0xdfff, 0x20fc, 0x20c9, 0x20c9, 0x20c9, 0x20fc, 0x20c9, 0x20fc, 0x20c9, 0x20c9, 0xffff, 0xffff, 
0xffff, 0xffff, 0xdfff, 0xdfff, 0x20c9, 0x20c9, 0x20fc, 0x20c9, 0x20fc, 0x20c9, 0x20c9, 0x20c9, 0x20fc, 0x20c9, 0x20fc, 0xffff, 
0xffff, 0xdfff, 0xdfff, 0x20c9, 0x20c9, 0x20c9, 0x20c9, 0x20fc, 0x20c9, 0x20c9, 0x20c9, 0x20c9, 0x20c9, 0x20fc, 0x20c9, 0xffff, 
0xffff, 0xdfff, 0xdfff, 0x20c9, 0x20c9, 0x20c9, 0x20c9, 0x20fc, 0x20c9, 0x20c9, 0x20c9, 0x20c9, 0x20c9, 0x20fc, 0x20c9, 0xffff, 
0xffff, 0xdfff, 0xdfff, 0x20c9, 0x20c9, 0x20c9, 0x20c9, 0x20fc, 0x20c9, 0x20c9, 0x20c9, 0x20c9, 0x20c9, 0x20fc, 0x20c9, 0xffff, 
0xffff, 0xdfff, 0xdfff, 0x20c9, 0x20c9, 0x20c9, 0x20c9, 0x20fc, 0x20c9, 0x20c9, 0x20c9, 0x20c9, 0x20c9, 0x20fc, 0x20c9, 0xffff, 
0xffff, 0xffff, 0xdfff, 0xdfff, 0x20c9, 0x20c9, 0x20fc, 0x20c9, 0x20fc, 0x20c9, 0x20c9, 0x20c9, 0x20fc, 0x20c9, 0x20fc, 0xffff, 
0xffff, 0xffff, 0xffff, 0xdfff, 0xdfff, 0x20fc, 0x20c9, 0x20c9, 0x20c9, 0x20fc, 0x20c9, 0x20fc, 0x20c9, 0x20c9, 0xffff, 0xffff, 
0xffff, 0xffff, 0x20fc, 0x20fc, 0xdfff, 0xdfff, 0x20c9, 0x20c9, 0x20c9, 0x20c9, 0x20fc, 0x20c9, 0x20c9, 0xffff, 0xffff, 0xffff, 
0xffff, 0x20fc, 0x20fc, 0x20fc, 0x20fc, 0xdfff, 0xdfff, 0x20c9, 0x20c9, 0x20fc, 0x20c9, 0xffff, 0xffff, 0xffff, 0xffff, 0xffff, 
0x20fc, 0x20fc, 0x20fc, 0x20fc, 0xffff, 0xdfff, 0xdfff, 0x20c9, 0x20fc, 0xffff, 0xffff, 0xffff, 0xffff, 0xffff, 0xffff, 0xffff, 
0xffff, 0xffff, 0xffff, 0xffff, 0xffff, 0xdfff, 0xdfff, 0xffff, 0xffff, 0xffff, 0xffff, 0xffff, 0xffff, 0xffff, 0xffff, 0xffff
};

static const BaseAsset_t KOOPA_WALK_1_ASSET = {
		.sprite.bitmap = koopa_walk_1_16x32_dma,
		.sprite.size.x = 16,
		.sprite.size.y = 32,
};

static const BaseAsset_t KOOPA_WALK_2_ASSET = {
		.sprite.bitmap = koopa_walk_2_16x32_dma,
		.sprite.size.x = 16,
		.sprite.size.y = 32,
};

static const BaseAsset_t KOOPA_SHELL_1_ASSET = {
		.sprite.bitmap = koopa_shell_1_16x16_dma,
		.sprite.size.x = 16,
		.sprite.size.y = 16,
};

static const BaseAsset_t KOOPA_SHELL_2_ASSET = {
		.sprite.bitmap = koopa_shell_2_16x16_dma,
		.sprite.size.x = 16,
		.sprite.size.y = 16,
};


static const BaseAnimationAsset_t KOOPA_BASE_ASSETS[] = {
		{&KOOPA_WALK_1_ASSET, KOOPA_WALK_1_ANIMATION_ID},
		{&KOOPA_WALK_2_ASSET, KOOPA_WALK_2_ANIMATION_ID},
		{&KOOPA_SHELL_1_ASSET, KOOPA_SHELL_1_ANIMATION_ID},
		{&KOOPA_SHELL_2_ASSET, KOOPA_SHELL_2_ANIMATION_ID},
};

const AnimableAsset_t KOOPA_ANIMABLE_ASSET = {
		.id = ENEMY_KOOPA_ID,
		.baseAssetsCount = sizeof(KOOPA_BASE_ASSETS)/sizeof(KOOPA_BASE_ASSETS[0]),
		.baseAssets = KOOPA_BASE_ASSETS,
		.BBox.p1.x = 0,
		.BBox.p1.y = 0,
		.BBox.p2.x = 16,
		.BBox.p2.y = 16,
};


static const uint16_t bricks_16x16_dma[256] = {
		0x0000, 0x44c2, 0x44c2, 0x44c2, 0x0000, 0x44c2, 0x44c2, 0x44c2, 0x0000, 0x44c2, 0x44c2, 0x44c2, 0x0000, 0x44c2, 0x44c2, 0xd6fd,
		0x0000, 0x44c2, 0x44c2, 0x44c2, 0x0000, 0x44c2, 0x44c2, 0x44c2, 0x0000, 0x44c2, 0x44c2, 0x44c2, 0x0000, 0x44c2, 0x44c2, 0xd6fd,
		0x0000, 0x44c2, 0x44c2, 0x44c2, 0x0000, 0x44c2, 0x44c2, 0x44c2, 0x0000, 0x44c2, 0x44c2, 0x44c2, 0x0000, 0x44c2, 0x44c2, 0xd6fd,
		0x0000, 0x0000, 0x0000, 0x0000, 0x0000, 0x44c2, 0x44c2, 0x44c2, 0x0000, 0x0000, 0x0000, 0x0000, 0x0000, 0x44c2, 0x44c2, 0xd6fd,
		0x0000, 0x44c2, 0x44c2, 0x44c2, 0x0000, 0x44c2, 0x44c2, 0x44c2, 0x0000, 0x44c2, 0x44c2, 0x44c2, 0x0000, 0x44c2, 0x44c2, 0xd6fd,
		0x0000, 0x44c2, 0x44c2, 0x44c2, 0x0000, 0x44c2, 0x44c2, 0x44c2, 0x0000, 0x44c2, 0x44c2, 0x44c2, 0x0000, 0x44c2, 0x44c2, 0xd6fd,
		0x0000, 0x44c2, 0x44c2, 0x44c2, 0x0000, 0x44c2, 0x44c2, 0x44c2, 0x0000, 0x44c2, 0x44c2, 0x44c2, 0x0000, 0x44c2, 0x44c2, 0xd6fd,
		0x0000, 0x44c2, 0x44c2, 0x44c2, 0x0000, 0x0000, 0x0000, 0x0000, 0x0000, 0x44c2, 0x44c2, 0x44c2, 0x0000, 0x0000, 0x0000, 0xd6fd,
		0x0000, 0x44c2, 0x44c2, 0x44c2, 0x0000, 0x44c2, 0x44c2, 0x44c2, 0x0000, 0x44c2, 0x44c2, 0x44c2, 0x0000, 0x44c2, 0x44c2, 0xd6fd,
		0x0000, 0x44c2, 0x44c2, 0x44c2, 0x0000, 0x44c2, 0x44c2, 0x44c2, 0x0000, 0x44c2, 0x44c2, 0x44c2, 0x0000, 0x44c2, 0x44c2, 0xd6fd,
		0x0000, 0x44c2, 0x44c2, 0x44c2, 0x0000, 0x44c2, 0x44c2, 0x44c2, 0x0000, 0x44c2, 0x44c2, 0x44c2, 0x0000, 0x44c2, 0x44c2, 0xd6fd,
		0x0000, 0x0000, 0x0000, 0x0000, 0x0000, 0x44c2, 0x44c2, 0x44c2, 0x0000, 0x0000, 0x0000, 0x0000, 0x0000, 0x44c2, 0x44c2, 0xd6fd,
		0x0000, 0x44c2, 0x44c2, 0x44c2, 0x0000, 0x44c2, 0x44c2, 0x44c2, 0x0000, 0x44c2, 0x44c2, 0x44c2, 0x0000, 0x44c2, 0x44c2, 0xd6fd,
		0x0000, 0x44c2, 0x44c2, 0x44c2, 0x0000, 0x44c2, 0x44c2, 0x44c2, 0x0000, 0x44c2, 0x44c2, 0x44c2, 0x0000, 0x44c2, 0x44c2, 0xd6fd,
		0x0000, 0x44c2, 0x44c2, 0x44c2, 0x0000, 0x44c2, 0x44c2, 0x44c2, 0x0000, 0x44c2, 0x44c2, 0x44c2, 0x0000, 0x44c2, 0x44c2, 0xd6fd,
		0x0000, 0x44c2, 0x44c2, 0x44c2, 0x0000, 0x0000, 0x0000, 0x0000, 0x0000, 0x44c2, 0x44c2, 0x44c2, 0x0000, 0x0000, 0x0000, 0xd6fd
};

const SimpleAsset_t BRICKS_ASSET = {
		.id = FG_BRICKS_OBJECT_ID,
		.baseAsset.sprite.bitmap = bricks_16x16_dma,
		.baseAsset.sprite.size.x = 16,
		.baseAsset.sprite.size.y = 16,
		.BBox.p1.x = 0,
		.BBox.p1.y = 0,
		.BBox.p2.x = 16,
		.BBox.p2.y = 16,
};


static const uint16_t block_questionmark_1_16x16_dma[256] = {
0x0000, 0x44c2, 0x44c2, 0x44c2, 0x44c2, 0x44c2, 0x44c2, 0x44c2, 0x44c2, 0x44c2, 0x44c2, 0x44c2, 0x44c2, 0x44c2, 0x44c2, 0xffff,
0x0000, 0xa9fc, 0xa9fc, 0xa9fc, 0xa9fc, 0xa9fc, 0xa9fc, 0xa9fc, 0xa9fc, 0xa9fc, 0xa9fc, 0xa9fc, 0xa9fc, 0xa9fc, 0xa9fc, 0x44c2,
0x0000, 0xa9fc, 0x0000, 0xa9fc, 0xa9fc, 0xa9fc, 0xa9fc, 0xa9fc, 0xa9fc, 0xa9fc, 0xa9fc, 0xa9fc, 0xa9fc, 0x0000, 0xa9fc, 0x44c2,
0x0000, 0xa9fc, 0xa9fc, 0xa9fc, 0xa9fc, 0xa9fc, 0xa9fc, 0xa9fc, 0xa9fc, 0xa9fc, 0xa9fc, 0xa9fc, 0xa9fc, 0xa9fc, 0xa9fc, 0x44c2,
0x0000, 0xa9fc, 0xa9fc, 0xa9fc, 0xa9fc, 0xa9fc, 0xa9fc, 0xa9fc, 0xa9fc, 0x44c2, 0x44c2, 0x44c2, 0xa9fc, 0xa9fc, 0xa9fc, 0x44c2,
0x0000, 0xa9fc, 0xa9fc, 0xa9fc, 0xa9fc, 0xa9fc, 0xa9fc, 0xa9fc, 0x0000, 0x44c2, 0x44c2, 0x44c2, 0x44c2, 0xa9fc, 0xa9fc, 0x44c2,
0x0000, 0xa9fc, 0xa9fc, 0xa9fc, 0xa9fc, 0xa9fc, 0xa9fc, 0xa9fc, 0x0000, 0x0000, 0x0000, 0x0000, 0x44c2, 0xa9fc, 0xa9fc, 0x44c2,
0x0000, 0xa9fc, 0xa9fc, 0x44c2, 0x44c2, 0xa9fc, 0x44c2, 0x44c2, 0xa9fc, 0xa9fc, 0xa9fc, 0x0000, 0x44c2, 0xa9fc, 0xa9fc, 0x44c2,
0x0000, 0xa9fc, 0x0000, 0x44c2, 0x44c2, 0x0000, 0x44c2, 0x44c2, 0x44c2, 0xa9fc, 0xa9fc, 0x0000, 0x44c2, 0xa9fc, 0xa9fc, 0x44c2,
0x0000, 0xa9fc, 0x0000, 0x0000, 0xa9fc, 0x0000, 0x0000, 0x0000, 0x44c2, 0x44c2, 0x44c2, 0x44c2, 0x44c2, 0xa9fc, 0xa9fc, 0x44c2,
0x0000, 0xa9fc, 0xa9fc, 0xa9fc, 0xa9fc, 0xa9fc, 0xa9fc, 0x0000, 0x44c2, 0x44c2, 0x44c2, 0x44c2, 0xa9fc, 0xa9fc, 0xa9fc, 0x44c2,
0x0000, 0xa9fc, 0xa9fc, 0xa9fc, 0xa9fc, 0xa9fc, 0xa9fc, 0x0000, 0x0000, 0x0000, 0x0000, 0xa9fc, 0xa9fc, 0xa9fc, 0xa9fc, 0x44c2,
0x0000, 0xa9fc, 0xa9fc, 0xa9fc, 0xa9fc, 0xa9fc, 0xa9fc, 0xa9fc, 0xa9fc, 0xa9fc, 0xa9fc, 0xa9fc, 0xa9fc, 0xa9fc, 0xa9fc, 0x44c2,
0x0000, 0xa9fc, 0x0000, 0xa9fc, 0xa9fc, 0xa9fc, 0xa9fc, 0xa9fc, 0xa9fc, 0xa9fc, 0xa9fc, 0xa9fc, 0xa9fc, 0x0000, 0xa9fc, 0x44c2,
0x0000, 0xa9fc, 0xa9fc, 0xa9fc, 0xa9fc, 0xa9fc, 0xa9fc, 0xa9fc, 0xa9fc, 0xa9fc, 0xa9fc, 0xa9fc, 0xa9fc, 0xa9fc, 0xa9fc, 0x44c2,
0x0000, 0x0000, 0x0000, 0x0000, 0x0000, 0x0000, 0x0000, 0x0000, 0x0000, 0x0000, 0x0000, 0x0000, 0x0000, 0x0000, 0x0000, 0xffff
};

static const uint16_t block_questionmark_2_16x16_dma[256] = {
0xffff, 0x0000, 0x0000, 0x0000, 0x0000, 0x0000, 0x0000, 0x0000, 0x0000, 0x0000, 0x0000, 0x0000, 0x0000, 0x0000, 0x0000, 0xffff, 
0x0000, 0x44c2, 0x44c2, 0x44c2, 0x44c2, 0x44c2, 0x44c2, 0x44c2, 0x44c2, 0x44c2, 0x44c2, 0x44c2, 0x44c2, 0x44c2, 0x44c2, 0x0000, 
0x0000, 0x44c2, 0x0000, 0x44c2, 0x44c2, 0x44c2, 0x44c2, 0x44c2, 0x44c2, 0x44c2, 0x44c2, 0x44c2, 0x44c2, 0x0000, 0x44c2, 0x0000, 
0x0000, 0x44c2, 0x44c2, 0x44c2, 0x44c2, 0x44c2, 0x44c2, 0x44c2, 0x44c2, 0x44c2, 0x44c2, 0x44c2, 0x44c2, 0x44c2, 0x44c2, 0x0000, 
0x0000, 0x44c2, 0x44c2, 0x44c2, 0x44c2, 0x44c2, 0x44c2, 0x44c2, 0x44c2, 0x44c2, 0x44c2, 0x44c2, 0x44c2, 0x44c2, 0x44c2, 0x0000, 
0x0000, 0x44c2, 0x44c2, 0x44c2, 0x44c2, 0x44c2, 0x44c2, 0x44c2, 0x44c2, 0x44c2, 0x44c2, 0x44c2, 0x44c2, 0x44c2, 0x44c2, 0x0000, 
0x0000, 0x44c2, 0x44c2, 0x44c2, 0x44c2, 0x44c2, 0x44c2, 0x44c2, 0x44c2, 0x44c2, 0x44c2, 0x44c2, 0x44c2, 0x44c2, 0x44c2, 0x0000, 
0x0000, 0x44c2, 0x44c2, 0x44c2, 0x44c2, 0x44c2, 0x44c2, 0x44c2, 0x44c2, 0x44c2, 0x44c2, 0x44c2, 0x44c2, 0x44c2, 0x44c2, 0x0000, 
0x0000, 0x44c2, 0x44c2, 0x44c2, 0x44c2, 0x44c2, 0x44c2, 0x44c2, 0x44c2, 0x44c2, 0x44c2, 0x44c2, 0x44c2, 0x44c2, 0x44c2, 0x0000, 
0x0000, 0x44c2, 0x44c2, 0x44c2, 0x44c2, 0x44c2, 0x44c2, 0x44c2, 0x44c2, 0x44c2, 0x44c2, 0x44c2, 0x44c2, 0x44c2, 0x44c2, 0x0000, 
0x0000, 0x44c2, 0x44c2, 0x44c2, 0x44c2, 0x44c2, 0x44c2, 0x44c2, 0x44c2, 0x44c2, 0x44c2, 0x44c2, 0x44c2, 0x44c2, 0x44c2, 0x0000, 
0x0000, 0x44c2, 0x44c2, 0x44c2, 0x44c2, 0x44c2, 0x44c2, 0x44c2, 0x44c2, 0x44c2, 0x44c2, 0x44c2, 0x44c2, 0x44c2, 0x44c2, 0x0000, 
0x0000, 0x44c2, 0x44c2, 0x44c2, 0x44c2, 0x44c2, 0x44c2, 0x44c2, 0x44c2, 0x44c2, 0x44c2, 0x44c2, 0x44c2, 0x44c2, 0x44c2, 0x0000, 
0x0000, 0x44c2, 0x0000, 0x44c2, 0x44c2, 0x44c2, 0x44c2, 0x44c2, 0x44c2, 0x44c2, 0x44c2, 0x44c2, 0x44c2, 0x0000, 0x44c2, 0x0000, 
0x0000, 0x44c2, 0x44c2, 0x44c2, 0x44c2, 0x44c2, 0x44c2, 0x44c2, 0x44c2, 0x44c2, 0x44c2, 0x44c2, 0x44c2, 0x44c2, 0x44c2, 0x0000, 
0xffff, 0x0000, 0x0000, 0x0000, 0x0000, 0x0000, 0x0000, 0x0000, 0x0000, 0x0000, 0x0000, 0x0000, 0x0000, 0x0000, 0x0000, 0xffff
};

static const BaseAsset_t BLOCK_QMARK_1_ASSET = {
		.sprite.bitmap = block_questionmark_1_16x16_dma,
		.sprite.size.x = 16,
		.sprite.size.y = 16,
};

static const BaseAsset_t BLOCK_QMARK_2_ASSET = {
		.sprite.bitmap = block_questionmark_2_16x16_dma,
		.sprite.size.x = 16,
		.sprite.size.y = 16,
};

static const BaseAnimationAsset_t BLOCK_QMARK_BASE_ASSETS[] = {
		{&BLOCK_QMARK_1_ASSET, FG_BLOCK_QMARK_1_ANIMATION_ID},
		{&BLOCK_QMARK_2_ASSET, FG_BLOCK_QMARK_2_ANIMATION_ID},
};

const AnimableAsset_t BLOCK_QMARK_ANIMABLE_ASSET = {
		.id = FG_BLOCK_QMARK_OBJECT_ID,
		.baseAssetsCount = sizeof(BLOCK_QMARK_BASE_ASSETS)/sizeof(BLOCK_QMARK_BASE_ASSETS[0]),
		.baseAssets = BLOCK_QMARK_BASE_ASSETS,
		.BBox.p1.x = 0,
		.BBox.p1.y = 0,
		.BBox.p2.x = 16,
		.BBox.p2.y = 16,
};


static const uint16_t rura_dol_32x16_dma[32*16] = {
		0xffff, 0xffff, 0xffff, 0xffff, 0xffff, 0xffff, 0xffff, 0xffff, 0xffff, 0xffff, 0xffff, 0xffff, 0xffff, 0xffff, 0xffff, 0xffff, 0xffff, 0xffff, 0xffff, 0xffff, 0xffff, 0xffff, 0xffff, 0xffff, 0xffff, 0xffff, 0xffff, 0xffff, 0xffff, 0xffff, 0xffff, 0xffff,
		0x0000, 0x0000, 0x0000, 0x0000, 0x0000, 0x0000, 0x0000, 0x0000, 0x0000, 0x0000, 0x0000, 0x0000, 0x0000, 0x0000, 0x0000, 0x0000, 0xeabf, 0xeabf, 0xeabf, 0xeabf, 0xeabf, 0xeabf, 0xeabf, 0xeabf, 0xeabf, 0xeabf, 0xeabf, 0xeabf, 0xeabf, 0xeabf, 0xeabf, 0xeabf,
		0xeabf, 0xeabf, 0xeabf, 0xeabf, 0xeabf, 0xeabf, 0xeabf, 0xeabf, 0xeabf, 0xeabf, 0xeabf, 0xeabf, 0xeabf, 0xeabf, 0xeabf, 0xeabf, 0xeabf, 0xeabf, 0xeabf, 0xeabf, 0xeabf, 0xeabf, 0xeabf, 0xeabf, 0xeabf, 0xeabf, 0xeabf, 0xeabf, 0xeabf, 0xeabf, 0xeabf, 0xeabf,
		0xeabf, 0xeabf, 0xeabf, 0xeabf, 0xeabf, 0xeabf, 0xeabf, 0xeabf, 0xeabf, 0xeabf, 0xeabf, 0xeabf, 0xeabf, 0xeabf, 0xeabf, 0xeabf, 0xc88d, 0xc88d, 0xc88d, 0xc88d, 0xc88d, 0xc88d, 0xc88d, 0xc88d, 0xc88d, 0xc88d, 0xc88d, 0xc88d, 0xc88d, 0xc88d, 0xc88d, 0xc88d,
		0xc88d, 0xc88d, 0xc88d, 0xc88d, 0xc88d, 0xc88d, 0xc88d, 0xc88d, 0xc88d, 0xc88d, 0xc88d, 0xc88d, 0xc88d, 0xc88d, 0xc88d, 0xc88d, 0xeabf, 0xeabf, 0xeabf, 0xeabf, 0xeabf, 0xeabf, 0xeabf, 0xeabf, 0xeabf, 0xeabf, 0xeabf, 0xeabf, 0xeabf, 0xeabf, 0xeabf, 0xeabf,
		0xeabf, 0xeabf, 0xeabf, 0xeabf, 0xeabf, 0xeabf, 0xeabf, 0xeabf, 0xeabf, 0xeabf, 0xeabf, 0xeabf, 0xeabf, 0xeabf, 0xeabf, 0xeabf, 0xeabf, 0xeabf, 0xeabf, 0xeabf, 0xeabf, 0xeabf, 0xeabf, 0xeabf, 0xeabf, 0xeabf, 0xeabf, 0xeabf, 0xeabf, 0xeabf, 0xeabf, 0xeabf,
		0xeabf, 0xeabf, 0xeabf, 0xeabf, 0xeabf, 0xeabf, 0xeabf, 0xeabf, 0xeabf, 0xeabf, 0xeabf, 0xeabf, 0xeabf, 0xeabf, 0xeabf, 0xeabf, 0xeabf, 0xeabf, 0xeabf, 0xeabf, 0xeabf, 0xeabf, 0xeabf, 0xeabf, 0xeabf, 0xeabf, 0xeabf, 0xeabf, 0xeabf, 0xeabf, 0xeabf, 0xeabf,
		0xc88d, 0xc88d, 0xc88d, 0xc88d, 0xc88d, 0xc88d, 0xc88d, 0xc88d, 0xc88d, 0xc88d, 0xc88d, 0xc88d, 0xc88d, 0xc88d, 0xc88d, 0xc88d, 0xeabf, 0xeabf, 0xeabf, 0xeabf, 0xeabf, 0xeabf, 0xeabf, 0xeabf, 0xeabf, 0xeabf, 0xeabf, 0xeabf, 0xeabf, 0xeabf, 0xeabf, 0xeabf,
		0xeabf, 0xeabf, 0xeabf, 0xeabf, 0xeabf, 0xeabf, 0xeabf, 0xeabf, 0xeabf, 0xeabf, 0xeabf, 0xeabf, 0xeabf, 0xeabf, 0xeabf, 0xeabf, 0xc88d, 0xc88d, 0xc88d, 0xc88d, 0xc88d, 0xc88d, 0xc88d, 0xc88d, 0xc88d, 0xc88d, 0xc88d, 0xc88d, 0xc88d, 0xc88d, 0xc88d, 0xc88d,
		0xc88d, 0xc88d, 0xc88d, 0xc88d, 0xc88d, 0xc88d, 0xc88d, 0xc88d, 0xc88d, 0xc88d, 0xc88d, 0xc88d, 0xc88d, 0xc88d, 0xc88d, 0xc88d, 0xc88d, 0xc88d, 0xc88d, 0xc88d, 0xc88d, 0xc88d, 0xc88d, 0xc88d, 0xc88d, 0xc88d, 0xc88d, 0xc88d, 0xc88d, 0xc88d, 0xc88d, 0xc88d,
		0xc88d, 0xc88d, 0xc88d, 0xc88d, 0xc88d, 0xc88d, 0xc88d, 0xc88d, 0xc88d, 0xc88d, 0xc88d, 0xc88d, 0xc88d, 0xc88d, 0xc88d, 0xc88d, 0xc88d, 0xc88d, 0xc88d, 0xc88d, 0xc88d, 0xc88d, 0xc88d, 0xc88d, 0xc88d, 0xc88d, 0xc88d, 0xc88d, 0xc88d, 0xc88d, 0xc88d, 0xc88d,
		0xc88d, 0xc88d, 0xc88d, 0xc88d, 0xc88d, 0xc88d, 0xc88d, 0xc88d, 0xc88d, 0xc88d, 0xc88d, 0xc88d, 0xc88d, 0xc88d, 0xc88d, 0xc88d, 0xc88d, 0xc88d, 0xc88d, 0xc88d, 0xc88d, 0xc88d, 0xc88d, 0xc88d, 0xc88d, 0xc88d, 0xc88d, 0xc88d, 0xc88d, 0xc88d, 0xc88d, 0xc88d,
		0xc88d, 0xeabf, 0xc88d, 0xeabf, 0xc88d, 0xeabf, 0xc88d, 0xeabf, 0xc88d, 0xeabf, 0xc88d, 0xeabf, 0xc88d, 0xeabf, 0xc88d, 0xeabf, 0xeabf, 0xc88d, 0xeabf, 0xc88d, 0xeabf, 0xc88d, 0xeabf, 0xc88d, 0xeabf, 0xc88d, 0xeabf, 0xc88d, 0xeabf, 0xc88d, 0xeabf, 0xc88d,
		0xc88d, 0xeabf, 0xc88d, 0xeabf, 0xc88d, 0xeabf, 0xc88d, 0xeabf, 0xc88d, 0xeabf, 0xc88d, 0xeabf, 0xc88d, 0xeabf, 0xc88d, 0xeabf, 0xeabf, 0xeabf, 0xeabf, 0xeabf, 0xeabf, 0xeabf, 0xeabf, 0xeabf, 0xeabf, 0xeabf, 0xeabf, 0xeabf, 0xeabf, 0xeabf, 0xeabf, 0xeabf,
		0xeabf, 0xeabf, 0xeabf, 0xeabf, 0xeabf, 0xeabf, 0xeabf, 0xeabf, 0xeabf, 0xeabf, 0xeabf, 0xeabf, 0xeabf, 0xeabf, 0xeabf, 0xeabf, 0x0000, 0x0000, 0x0000, 0x0000, 0x0000, 0x0000, 0x0000, 0x0000, 0x0000, 0x0000, 0x0000, 0x0000, 0x0000, 0x0000, 0x0000, 0x0000,
		0xffff, 0xffff, 0xffff, 0xffff, 0xffff, 0xffff, 0xffff, 0xffff, 0xffff, 0xffff, 0xffff, 0xffff, 0xffff, 0xffff, 0xffff, 0xffff, 0xffff, 0xffff, 0xffff, 0xffff, 0xffff, 0xffff, 0xffff, 0xffff, 0xffff, 0xffff, 0xffff, 0xffff, 0xffff, 0xffff, 0xffff, 0xffff
};

const SimpleAsset_t RURA_DOL_ASSET = {
		.id = FG_RURA_DOL_OBJECT_ID,
		.baseAsset.sprite.bitmap = rura_dol_32x16_dma,
		.baseAsset.sprite.size.x = 32,
		.baseAsset.sprite.size.y = 16,
		.BBox.p1.x = 0,
		.BBox.p1.y = 0,
		.BBox.p2.x = 32,
		.BBox.p2.y = 16,
};


static const uint16_t rura_gora_32x16_dma[32*16] = {
		0xffff, 0x0000, 0x0000, 0x0000, 0x0000, 0x0000, 0x0000, 0x0000, 0x0000, 0x0000, 0x0000, 0x0000, 0x0000, 0x0000, 0x0000, 0x0000, 0xffff, 0x0000, 0xeabf, 0xeabf, 0xeabf, 0xeabf, 0xeabf, 0xeabf, 0xeabf, 0xeabf, 0xeabf, 0xeabf, 0xeabf, 0xc88d, 0xeabf, 0x0000,
		0x0000, 0x0000, 0xeabf, 0xeabf, 0xeabf, 0xeabf, 0xeabf, 0xeabf, 0xeabf, 0xeabf, 0xeabf, 0xeabf, 0xeabf, 0xc88d, 0xeabf, 0x0000, 0x0000, 0x0000, 0xeabf, 0xeabf, 0xeabf, 0xeabf, 0xeabf, 0xeabf, 0xeabf, 0xeabf, 0xeabf, 0xeabf, 0xeabf, 0xc88d, 0xeabf, 0x0000,
		0x0000, 0x0000, 0xeabf, 0xeabf, 0xeabf, 0xeabf, 0xeabf, 0xeabf, 0xeabf, 0xeabf, 0xeabf, 0xeabf, 0xeabf, 0xc88d, 0xeabf, 0x0000, 0x0000, 0x0000, 0xc88d, 0xc88d, 0xc88d, 0xc88d, 0xc88d, 0xc88d, 0xc88d, 0xc88d, 0xc88d, 0xc88d, 0xc88d, 0xc88d, 0xeabf, 0x0000,
		0x0000, 0x0000, 0xc88d, 0xc88d, 0xc88d, 0xc88d, 0xc88d, 0xc88d, 0xc88d, 0xc88d, 0xc88d, 0xc88d, 0xc88d, 0xc88d, 0xeabf, 0x0000, 0x0000, 0x0000, 0xeabf, 0xeabf, 0xeabf, 0xeabf, 0xeabf, 0xeabf, 0xeabf, 0xeabf, 0xeabf, 0xeabf, 0xeabf, 0xeabf, 0xeabf, 0x0000,
		0x0000, 0x0000, 0xeabf, 0xeabf, 0xeabf, 0xeabf, 0xeabf, 0xeabf, 0xeabf, 0xeabf, 0xeabf, 0xeabf, 0xeabf, 0xeabf, 0xeabf, 0x0000, 0x0000, 0x0000, 0xeabf, 0xeabf, 0xeabf, 0xeabf, 0xeabf, 0xeabf, 0xeabf, 0xeabf, 0xeabf, 0xeabf, 0xeabf, 0xeabf, 0xeabf, 0x0000,
		0x0000, 0x0000, 0xeabf, 0xeabf, 0xeabf, 0xeabf, 0xeabf, 0xeabf, 0xeabf, 0xeabf, 0xeabf, 0xeabf, 0xeabf, 0xeabf, 0xeabf, 0x0000, 0x0000, 0x0000, 0xeabf, 0xeabf, 0xeabf, 0xeabf, 0xeabf, 0xeabf, 0xeabf, 0xeabf, 0xeabf, 0xeabf, 0xeabf, 0xeabf, 0xeabf, 0x0000,
		0x0000, 0x0000, 0xeabf, 0xeabf, 0xeabf, 0xeabf, 0xeabf, 0xeabf, 0xeabf, 0xeabf, 0xeabf, 0xeabf, 0xeabf, 0xeabf, 0xeabf, 0x0000, 0x0000, 0x0000, 0xc88d, 0xc88d, 0xc88d, 0xc88d, 0xc88d, 0xc88d, 0xc88d, 0xc88d, 0xc88d, 0xc88d, 0xc88d, 0xc88d, 0xeabf, 0x0000,
		0x0000, 0x0000, 0xeabf, 0xeabf, 0xeabf, 0xeabf, 0xeabf, 0xeabf, 0xeabf, 0xeabf, 0xeabf, 0xeabf, 0xeabf, 0xc88d, 0xeabf, 0x0000, 0x0000, 0x0000, 0xeabf, 0xeabf, 0xeabf, 0xeabf, 0xeabf, 0xeabf, 0xeabf, 0xeabf, 0xeabf, 0xeabf, 0xeabf, 0xc88d, 0xeabf, 0x0000,
		0x0000, 0x0000, 0xc88d, 0xc88d, 0xc88d, 0xc88d, 0xc88d, 0xc88d, 0xc88d, 0xc88d, 0xc88d, 0xc88d, 0xc88d, 0xc88d, 0xeabf, 0x0000, 0x0000, 0x0000, 0xc88d, 0xc88d, 0xc88d, 0xc88d, 0xc88d, 0xc88d, 0xc88d, 0xc88d, 0xc88d, 0xc88d, 0xc88d, 0xc88d, 0xeabf, 0x0000,
		0x0000, 0x0000, 0xc88d, 0xc88d, 0xc88d, 0xc88d, 0xc88d, 0xc88d, 0xc88d, 0xc88d, 0xc88d, 0xc88d, 0xc88d, 0xc88d, 0xeabf, 0x0000, 0x0000, 0x0000, 0xc88d, 0xc88d, 0xc88d, 0xc88d, 0xc88d, 0xc88d, 0xc88d, 0xc88d, 0xc88d, 0xc88d, 0xc88d, 0xc88d, 0xeabf, 0x0000,
		0x0000, 0x0000, 0xc88d, 0xc88d, 0xc88d, 0xc88d, 0xc88d, 0xc88d, 0xc88d, 0xc88d, 0xc88d, 0xc88d, 0xc88d, 0xc88d, 0xeabf, 0x0000, 0x0000, 0x0000, 0xc88d, 0xc88d, 0xc88d, 0xc88d, 0xc88d, 0xc88d, 0xc88d, 0xc88d, 0xc88d, 0xc88d, 0xc88d, 0xc88d, 0xeabf, 0x0000,
		0x0000, 0x0000, 0xc88d, 0xc88d, 0xc88d, 0xc88d, 0xc88d, 0xc88d, 0xc88d, 0xc88d, 0xc88d, 0xc88d, 0xc88d, 0xc88d, 0xeabf, 0x0000, 0x0000, 0x0000, 0xc88d, 0xc88d, 0xc88d, 0xc88d, 0xc88d, 0xc88d, 0xc88d, 0xc88d, 0xc88d, 0xc88d, 0xc88d, 0xc88d, 0xeabf, 0x0000,
		0x0000, 0x0000, 0xc88d, 0xc88d, 0xc88d, 0xc88d, 0xc88d, 0xc88d, 0xc88d, 0xc88d, 0xc88d, 0xc88d, 0xc88d, 0xc88d, 0xeabf, 0x0000, 0x0000, 0x0000, 0xeabf, 0xc88d, 0xeabf, 0xc88d, 0xeabf, 0xc88d, 0xeabf, 0xc88d, 0xeabf, 0xc88d, 0xeabf, 0xc88d, 0xeabf, 0x0000,
		0x0000, 0x0000, 0xc88d, 0xeabf, 0xc88d, 0xeabf, 0xc88d, 0xeabf, 0xc88d, 0xeabf, 0xc88d, 0xeabf, 0xc88d, 0xc88d, 0xeabf, 0x0000, 0x0000, 0x0000, 0xeabf, 0xc88d, 0xeabf, 0xc88d, 0xeabf, 0xc88d, 0xeabf, 0xc88d, 0xeabf, 0xc88d, 0xeabf, 0xc88d, 0xeabf, 0x0000,
		0x0000, 0x0000, 0xc88d, 0xeabf, 0xc88d, 0xeabf, 0xc88d, 0xeabf, 0xc88d, 0xeabf, 0xc88d, 0xeabf, 0xc88d, 0xc88d, 0xeabf, 0x0000, 0x0000, 0x0000, 0xeabf, 0xeabf, 0xeabf, 0xeabf, 0xeabf, 0xeabf, 0xeabf, 0xeabf, 0xeabf, 0xeabf, 0xeabf, 0xc88d, 0xeabf, 0x0000,
		0xffff, 0x0000, 0xeabf, 0xeabf, 0xeabf, 0xeabf, 0xeabf, 0xeabf, 0xeabf, 0xeabf, 0xeabf, 0xeabf, 0xeabf, 0xc88d, 0xeabf, 0x0000, 0xffff, 0x0000, 0x0000, 0x0000, 0x0000, 0x0000, 0x0000, 0x0000, 0x0000, 0x0000, 0x0000, 0x0000, 0x0000, 0x0000, 0x0000, 0x0000
};

const SimpleAsset_t RURA_GORA_ASSET = {
		.id = FG_RURA_GORA_OBJECT_ID,
		.baseAsset.sprite.bitmap = rura_gora_32x16_dma,
		.baseAsset.sprite.size.x = 32,
		.baseAsset.sprite.size.y = 16,
		.BBox.p1.x = 0,
		.BBox.p1.y = 0,
		.BBox.p2.x = 32,
		.BBox.p2.y = 16,
};


static const uint16_t pyramid_block_16x16_dma[16*16] = {
		0x0000, 0xf3ff, 0xf3ff, 0xf3ff, 0xf3ff, 0xf3ff, 0xf3ff, 0xf3ff, 0xf3ff, 0xf3ff, 0xf3ff, 0xf3ff, 0xf3ff, 0xf3ff, 0xf3ff, 0xa2a8,
		0x0000, 0x0000, 0xf3ff, 0xf3ff, 0xf3ff, 0xf3ff, 0xf3ff, 0xf3ff, 0xf3ff, 0xf3ff, 0xf3ff, 0xf3ff, 0xf3ff, 0xf3ff, 0xa2a8, 0xf3ff,
		0x0000, 0x0000, 0x0000, 0xf3ff, 0xf3ff, 0xf3ff, 0xf3ff, 0xf3ff, 0xf3ff, 0xf3ff, 0xf3ff, 0xf3ff, 0xf3ff, 0xa2a8, 0xf3ff, 0xf3ff,
		0x0000, 0x0000, 0x0000, 0x0000, 0xf3ff, 0xf3ff, 0xf3ff, 0xf3ff, 0xf3ff, 0xf3ff, 0xf3ff, 0xf3ff, 0xa2a8, 0xf3ff, 0xf3ff, 0xf3ff,
		0x0000, 0x0000, 0x0000, 0x0000, 0xa2a8, 0xa2a8, 0xa2a8, 0xa2a8, 0xa2a8, 0xa2a8, 0xa2a8, 0xa2a8, 0xf3ff, 0xf3ff, 0xf3ff, 0xf3ff,
		0x0000, 0x0000, 0x0000, 0x0000, 0xa2a8, 0xa2a8, 0xa2a8, 0xa2a8, 0xa2a8, 0xa2a8, 0xa2a8, 0xa2a8, 0xf3ff, 0xf3ff, 0xf3ff, 0xf3ff,
		0x0000, 0x0000, 0x0000, 0x0000, 0xa2a8, 0xa2a8, 0xa2a8, 0xa2a8, 0xa2a8, 0xa2a8, 0xa2a8, 0xa2a8, 0xf3ff, 0xf3ff, 0xf3ff, 0xf3ff,
		0x0000, 0x0000, 0x0000, 0x0000, 0xa2a8, 0xa2a8, 0xa2a8, 0xa2a8, 0xa2a8, 0xa2a8, 0xa2a8, 0xa2a8, 0xf3ff, 0xf3ff, 0xf3ff, 0xf3ff,
		0x0000, 0x0000, 0x0000, 0x0000, 0xa2a8, 0xa2a8, 0xa2a8, 0xa2a8, 0xa2a8, 0xa2a8, 0xa2a8, 0xa2a8, 0xf3ff, 0xf3ff, 0xf3ff, 0xf3ff,
		0x0000, 0x0000, 0x0000, 0x0000, 0xa2a8, 0xa2a8, 0xa2a8, 0xa2a8, 0xa2a8, 0xa2a8, 0xa2a8, 0xa2a8, 0xf3ff, 0xf3ff, 0xf3ff, 0xf3ff,
		0x0000, 0x0000, 0x0000, 0x0000, 0xa2a8, 0xa2a8, 0xa2a8, 0xa2a8, 0xa2a8, 0xa2a8, 0xa2a8, 0xa2a8, 0xf3ff, 0xf3ff, 0xf3ff, 0xf3ff,
		0x0000, 0x0000, 0x0000, 0x0000, 0xa2a8, 0xa2a8, 0xa2a8, 0xa2a8, 0xa2a8, 0xa2a8, 0xa2a8, 0xa2a8, 0xf3ff, 0xf3ff, 0xf3ff, 0xf3ff,
		0x0000, 0x0000, 0x0000, 0xa2a8, 0x0000, 0x0000, 0x0000, 0x0000, 0x0000, 0x0000, 0x0000, 0x0000, 0x0000, 0xf3ff, 0xf3ff, 0xf3ff,
		0x0000, 0x0000, 0xa2a8, 0x0000, 0x0000, 0x0000, 0x0000, 0x0000, 0x0000, 0x0000, 0x0000, 0x0000, 0x0000, 0x0000, 0xf3ff, 0xf3ff,
		0x0000, 0xa2a8, 0x0000, 0x0000, 0x0000, 0x0000, 0x0000, 0x0000, 0x0000, 0x0000, 0x0000, 0x0000, 0x0000, 0x0000, 0x0000, 0xf3ff,
		0xa2a8, 0x0000, 0x0000, 0x0000, 0x0000, 0x0000, 0x0000, 0x0000, 0x0000, 0x0000, 0x0000, 0x0000, 0x0000, 0x0000, 0x0000, 0x0000
};

const SimpleAsset_t PYRAMID_BLOCK_ASSET = {
		.id = FG_PYRAMID_BLOCK_OBJECT_ID,
		.baseAsset.sprite.bitmap = pyramid_block_16x16_dma,
		.baseAsset.sprite.size.x = 16,
		.baseAsset.sprite.size.y = 16,
		.BBox.p1.x = 0,
		.BBox.p1.y = 0,
		.BBox.p2.x = 16,
		.BBox.p2.y = 16,
};

static const uint16_t reward_coin_1_16x8_dma[16*8] = {
0xffff, 0xffff, 0xffff, 0xffff, 0x20fc, 0x20fc, 0x20fc, 0x20fc, 
0x20fc, 0x20fc, 0xffff, 0xffff, 0xffff, 0xffff, 0xffff, 0xffff, 
0xffff, 0xffff, 0x20fc, 0x20fc, 0x20fc, 0x20fc, 0x20fc, 0x20fc, 
0x20fc, 0x20fc, 0x20fc, 0x20fc, 0xffff, 0xffff, 0xffff, 0xffff, 
0xffff, 0x20fc, 0x20fc, 0x20fc, 0xdfff, 0xdfff, 0xdfff, 0xdfff, 
0xdfff, 0xdfff, 0x20fc, 0x20fc, 0x20fc, 0xffff, 0xffff, 0xffff, 
0x20fc, 0x20fc, 0x20fc, 0xdfff, 0x20fc, 0x20fc, 0x20fc, 0x20fc, 
0x20fc, 0x20fc, 0xdfff, 0x20fc, 0x20fc, 0x20fc, 0xffff, 0xffff, 
0x20fc, 0x20fc, 0x20fc, 0x00d8, 0x20fc, 0x20fc, 0x20fc, 0x20fc, 
0x20fc, 0x20fc, 0x00d8, 0x20fc, 0x20fc, 0x20fc, 0xffff, 0xffff, 
0xffff, 0x20fc, 0x20fc, 0x20fc, 0x00d8, 0x00d8, 0x00d8, 0x00d8, 
0x00d8, 0x00d8, 0x20fc, 0x20fc, 0x20fc, 0xffff, 0xffff, 0xffff, 
0xffff, 0xffff, 0x20fc, 0x20fc, 0x20fc, 0x20fc, 0x20fc, 0x20fc, 
0x20fc, 0x20fc, 0x20fc, 0x20fc, 0xffff, 0xffff, 0xffff, 0xffff, 
0xffff, 0xffff, 0xffff, 0xffff, 0x20fc, 0x20fc, 0x20fc, 0x20fc, 
0x20fc, 0x20fc, 0xffff, 0xffff, 0xffff, 0xffff, 0xffff, 0xffff
};

static const uint16_t reward_coin_2_16x8_dma[16*8] = {
0xffff, 0xffff, 0xffff, 0xffff, 0xffff, 0xffff, 0xffff, 0xffff, 
0xffff, 0xffff, 0xffff, 0xffff, 0xffff, 0xffff, 0xffff, 0xffff, 
0xffff, 0xffff, 0xffff, 0xffff, 0xffff, 0xffff, 0xffff, 0xffff, 
0xffff, 0xffff, 0xffff, 0xffff, 0xffff, 0xffff, 0xffff, 0xffff, 
0xffff, 0xffff, 0x20fc, 0x20fc, 0x20fc, 0x20fc, 0xdfff, 0xdfff, 
0x20fc, 0x20fc, 0x20fc, 0x20fc, 0xffff, 0xffff, 0xffff, 0xffff, 
0x20fc, 0x20fc, 0x00d8, 0x00d8, 0x00d8, 0x00d8, 0x00d8, 0x00d8, 
0x00d8, 0x00d8, 0x00d8, 0x00d8, 0x20fc, 0x20fc, 0xffff, 0xffff, 
0x00d8, 0x00d8, 0x00d8, 0x00d8, 0x00d8, 0x00d8, 0x00d8, 0x00d8, 
0x00d8, 0x00d8, 0x00d8, 0x00d8, 0x00d8, 0x00d8, 0xffff, 0xffff, 
0xffff, 0xffff, 0x00d8, 0x00d8, 0x00d8, 0x00d8, 0x00d8, 0x00d8, 
0x00d8, 0x00d8, 0x00d8, 0x00d8, 0xffff, 0xffff, 0xffff, 0xffff, 
0xffff, 0xffff, 0xffff, 0xffff, 0xffff, 0xffff, 0xffff, 0xffff, 
0xffff, 0xffff, 0xffff, 0xffff, 0xffff, 0xffff, 0xffff, 0xffff, 
0xffff, 0xffff, 0xffff, 0xffff, 0xffff, 0xffff, 0xffff, 0xffff, 
0xffff, 0xffff, 0xffff, 0xffff, 0xffff, 0xffff, 0xffff, 0xffff
};

static const uint16_t reward_coin_3_16x8_dma[16*8] = {
0xffff, 0xffff, 0xffff, 0xffff, 0xffff, 0xffff, 0xffff, 0xffff, 
0xffff, 0xffff, 0xffff, 0xffff, 0xffff, 0xffff, 0xffff, 0xffff, 
0xffff, 0xffff, 0xffff, 0xffff, 0xffff, 0xffff, 0xffff, 0xffff, 
0xffff, 0xffff, 0xffff, 0xffff, 0xffff, 0xffff, 0xffff, 0xffff, 
0xffff, 0xffff, 0xffff, 0xffff, 0xffff, 0xffff, 0xffff, 0xffff, 
0xffff, 0xffff, 0xffff, 0xffff, 0xffff, 0xffff, 0xffff, 0xffff, 
0xffff, 0xffff, 0x20fc, 0x20fc, 0x20fc, 0x20fc, 0xdfff, 0xdfff, 
0x20fc, 0x20fc, 0x20fc, 0x20fc, 0xffff, 0xffff, 0xffff, 0xffff, 
0xffff, 0xffff, 0xffff, 0xffff, 0xffff, 0xffff, 0xffff, 0xffff, 
0xffff, 0xffff, 0xffff, 0xffff, 0xffff, 0xffff, 0xffff, 0xffff, 
0xffff, 0xffff, 0xffff, 0xffff, 0xffff, 0xffff, 0xffff, 0xffff, 
0xffff, 0xffff, 0xffff, 0xffff, 0xffff, 0xffff, 0xffff, 0xffff, 
0xffff, 0xffff, 0xffff, 0xffff, 0xffff, 0xffff, 0xffff, 0xffff, 
0xffff, 0xffff, 0xffff, 0xffff, 0xffff, 0xffff, 0xffff, 0xffff, 
0xffff, 0xffff, 0xffff, 0xffff, 0xffff, 0xffff, 0xffff, 0xffff, 
0xffff, 0xffff, 0xffff, 0xffff, 0xffff, 0xffff, 0xffff, 0xffff
};

static const uint16_t reward_coin_4_16x8_dma[16*8] = {
0xffff, 0xffff, 0xffff, 0xffff, 0xffff, 0xffff, 0xffff, 0xffff, 
0xffff, 0xffff, 0xffff, 0xffff, 0xffff, 0xffff, 0xffff, 0xffff, 
0xffff, 0xffff, 0xffff, 0xffff, 0xffff, 0xffff, 0xffff, 0xffff, 
0xffff, 0xffff, 0xffff, 0xffff, 0xffff, 0xffff, 0xffff, 0xffff, 
0xffff, 0xffff, 0xdfff, 0xdfff, 0xdfff, 0xdfff, 0xdfff, 0xdfff, 
0xdfff, 0xdfff, 0xdfff, 0xdfff, 0xffff, 0xffff, 0xffff, 0xffff, 
0xdfff, 0xdfff, 0xdfff, 0xdfff, 0xdfff, 0xdfff, 0xdfff, 0xdfff, 
0xdfff, 0xdfff, 0xdfff, 0xdfff, 0xdfff, 0xdfff, 0xffff, 0xffff, 
0x00d8, 0x00d8, 0xdfff, 0xdfff, 0xdfff, 0xdfff, 0xdfff, 0xdfff, 
0xdfff, 0xdfff, 0xdfff, 0xdfff, 0x00d8, 0x00d8, 0xffff, 0xffff, 
0xffff, 0xffff, 0x00d8, 0x00d8, 0x00d8, 0x00d8, 0x00d8, 0x00d8, 
0x00d8, 0x00d8, 0x00d8, 0x00d8, 0xffff, 0xffff, 0xffff, 0xffff, 
0xffff, 0xffff, 0xffff, 0xffff, 0xffff, 0xffff, 0xffff, 0xffff, 
0xffff, 0xffff, 0xffff, 0xffff, 0xffff, 0xffff, 0xffff, 0xffff, 
0xffff, 0xffff, 0xffff, 0xffff, 0xffff, 0xffff, 0xffff, 0xffff, 
0xffff, 0xffff, 0xffff, 0xffff, 0xffff, 0xffff, 0xffff, 0xffff
};

static const BaseAsset_t REWARD_COIN_ASSET_1 = {
		.sprite.bitmap = reward_coin_1_16x8_dma,
		.sprite.size.x = 8,
		.sprite.size.y = 16,
};

static const BaseAsset_t REWARD_COIN_ASSET_2 = {
		.sprite.bitmap = reward_coin_2_16x8_dma,
		.sprite.size.x = 8,
		.sprite.size.y = 16,
};

static const BaseAsset_t REWARD_COIN_ASSET_3 = {
		.sprite.bitmap = reward_coin_3_16x8_dma,
		.sprite.size.x = 8,
		.sprite.size.y = 16,
};

static const BaseAsset_t REWARD_COIN_ASSET_4 = {
		.sprite.bitmap = reward_coin_4_16x8_dma,
		.sprite.size.x = 8,
		.sprite.size.y = 16,
};

static const BaseAnimationAsset_t REWARD_COIN_BASE_ASSET[] = {
		{&REWARD_COIN_ASSET_1, FG_REWARD_COIN_1_ANIMATION_ID},
		{&REWARD_COIN_ASSET_2, FG_REWARD_COIN_2_ANIMATION_ID},
		{&REWARD_COIN_ASSET_3, FG_REWARD_COIN_3_ANIMATION_ID},
		{&REWARD_COIN_ASSET_4, FG_REWARD_COIN_4_ANIMATION_ID},
};

const AnimableAsset_t REWARD_COIN_ANIMABLE_ASSET = {
		.id = FG_REWARD_COIN_OBJECT_ID,
		.baseAssetsCount = sizeof(REWARD_COIN_BASE_ASSET)/sizeof(REWARD_COIN_BASE_ASSET[0]),
		.baseAssets = REWARD_COIN_BASE_ASSET,
		.BBox.p1.x = 0,
		.BBox.p1.y = 0,
		.BBox.p2.x = 8,
		.BBox.p2.y = 16,
};

static const MovementFrameY_t REWARD_COIN_MOVEMENT_BASE_ASSET[] = {
		{20000, 8, 2},
		{20000, 6, 2},
		{20000, 4, 2},
		{20000, 2, 2},
		{20000, 0, 3},
		{20000, -1, 2},
		{20000, -2, 2},
		{20000, -4, 2},
};

const MovementFramesY_Asset_t REWARD_COIN_MOVEMENT_ASSET = {
	.movementFramesY = REWARD_COIN_MOVEMENT_BASE_ASSET,
	.framesCount = sizeof(REWARD_COIN_MOVEMENT_BASE_ASSET)/sizeof(REWARD_COIN_MOVEMENT_BASE_ASSET[0]),
};


static const uint16_t reward_level_up_mushroom_16x16_dma[16*16] = {
0xffff, 0xffff, 0xffff, 0xffff, 0xffff, 0x20fc, 0x20fc, 0x20fc, 0x20fc, 0xffff, 0xffff, 0xffff, 0xffff, 0xffff, 0xffff, 0xffff, 
0xffff, 0xffff, 0xffff, 0xffff, 0x20fc, 0x20fc, 0x20fc, 0x20fc, 0x20fc, 0x20fc, 0x20fc, 0xffff, 0xffff, 0xffff, 0xffff, 0xffff, 
0xffff, 0xffff, 0xffff, 0xffff, 0x2225, 0x20fc, 0x20fc, 0x2225, 0x2225, 0x2225, 0x20fc, 0x20fc, 0xffff, 0xffff, 0xffff, 0xffff, 
0xffff, 0xffff, 0xffff, 0xffff, 0x2225, 0x20fc, 0x2225, 0x2225, 0x2225, 0x2225, 0x2225, 0x20fc, 0x20fc, 0xffff, 0xffff, 0xffff, 
0xffff, 0x9ce7, 0x9ce7, 0x9ce7, 0x2225, 0x20fc, 0x2225, 0x2225, 0x2225, 0x2225, 0x2225, 0x20fc, 0x20fc, 0x20fc, 0xffff, 0xffff, 
0x9ce7, 0x9ce7, 0x9ce7, 0x9ce7, 0x9ce7, 0x20fc, 0x2225, 0x2225, 0x2225, 0x2225, 0x2225, 0x20fc, 0x20fc, 0x20fc, 0x20fc, 0xffff, 
0x9ce7, 0x9ce7, 0x9ce7, 0x9ce7, 0x9ce7, 0x20fc, 0x20fc, 0x2225, 0x2225, 0x2225, 0x20fc, 0x20fc, 0x20fc, 0x20fc, 0x20fc, 0x20fc, 
0x9ce7, 0x9ce7, 0x9ce7, 0x9ce7, 0x9ce7, 0x20fc, 0x20fc, 0x20fc, 0x20fc, 0x20fc, 0x20fc, 0x20fc, 0x20fc, 0x20fc, 0x20fc, 0x20fc, 
0x9ce7, 0x9ce7, 0x9ce7, 0x9ce7, 0x9ce7, 0x20fc, 0x20fc, 0x20fc, 0x20fc, 0x20fc, 0x20fc, 0x20fc, 0x2225, 0x2225, 0x20fc, 0x20fc, 
0x20fc, 0x9ce7, 0x9ce7, 0x9ce7, 0x9ce7, 0x20fc, 0x20fc, 0x20fc, 0x20fc, 0x20fc, 0x20fc, 0x2225, 0x2225, 0x2225, 0x2225, 0x20fc, 
0x9ce7, 0x20fc, 0x20fc, 0x9ce7, 0x9ce7, 0x20fc, 0x20fc, 0x20fc, 0x20fc, 0x20fc, 0x20fc, 0x2225, 0x2225, 0x2225, 0x2225, 0xffff, 
0xffff, 0x9ce7, 0x9ce7, 0x9ce7, 0x2225, 0x20fc, 0x20fc, 0x20fc, 0x20fc, 0x20fc, 0x20fc, 0x2225, 0x2225, 0x2225, 0xffff, 0xffff, 
0xffff, 0xffff, 0xffff, 0xffff, 0x2225, 0x20fc, 0x20fc, 0x2225, 0x2225, 0x20fc, 0x20fc, 0x20fc, 0x2225, 0xffff, 0xffff, 0xffff, 
0xffff, 0xffff, 0xffff, 0xffff, 0x2225, 0x20fc, 0x2225, 0x2225, 0x2225, 0x20fc, 0x20fc, 0x20fc, 0xffff, 0xffff, 0xffff, 0xffff, 
0xffff, 0xffff, 0xffff, 0xffff, 0x20fc, 0x20fc, 0x2225, 0x2225, 0x20fc, 0x20fc, 0x20fc, 0xffff, 0xffff, 0xffff, 0xffff, 0xffff, 
0xffff, 0xffff, 0xffff, 0xffff, 0xffff, 0x20fc, 0x20fc, 0x20fc, 0x20fc, 0xffff, 0xffff, 0xffff, 0xffff, 0xffff, 0xffff, 0xffff
};

const SimpleAsset_t REWARD_LEVEL_UP_MUSHROOM_ASSET = {
		.id = FG_REWARD_LEVEL_UP_MUSHROOM_OBJECT_ID,
		.baseAsset.sprite.bitmap = reward_level_up_mushroom_16x16_dma,
		.baseAsset.sprite.size.x = 16,
		.baseAsset.sprite.size.y = 16,
		.BBox.p1.x = 0,
		.BBox.p1.y = 0,
		.BBox.p2.x = 16,
		.BBox.p2.y = 16,
};

static const MovementFrameY_t REWARD_LEVEL_UP_MUSHROOM_MOVEMENT_BASE_ASSET[] = {
		{70000, 1, 16},
};

const MovementFramesY_Asset_t REWARD_LEVEL_UP_MUSHROOM_MOVEMENT_ASSET = {
	.movementFramesY = REWARD_LEVEL_UP_MUSHROOM_MOVEMENT_BASE_ASSET,
	.framesCount = sizeof(REWARD_LEVEL_UP_MUSHROOM_MOVEMENT_BASE_ASSET)/sizeof(REWARD_LEVEL_UP_MUSHROOM_MOVEMENT_BASE_ASSET[0]),
};


static const uint16_t hill_0_16x16_dma[16*16] = {
0xa444, 0xa444, 0xa444, 0xa444, 0xa444, 0xa444, 0xa444, 0xa444, 0xa444, 0xa444, 0xa444, 0xa444, 0xa444, 0xa444, 0xa444, 0xa444, 
0xa444, 0xa444, 0xa444, 0xa444, 0xa444, 0xa444, 0xa444, 0xa444, 0xa444, 0xa444, 0xa444, 0xa444, 0xa444, 0xa444, 0xa444, 0xa444, 
0xa444, 0xa444, 0xa444, 0xa444, 0xa444, 0xa444, 0xa444, 0xa444, 0xa444, 0xa444, 0xa444, 0xa444, 0xa444, 0xa444, 0xa444, 0xa444, 
0xa444, 0xa444, 0xa444, 0xa444, 0xa444, 0xa444, 0xa444, 0xa444, 0xa444, 0xa444, 0xa444, 0xa444, 0xa444, 0xa444, 0xa444, 0xa444, 
0xa444, 0xa444, 0xa444, 0xa444, 0xa444, 0xa444, 0xa444, 0xa444, 0xa444, 0xa444, 0xa444, 0xa444, 0xa444, 0xa444, 0xa444, 0xa444, 
0xa444, 0xa444, 0xa444, 0xa444, 0xa444, 0xa444, 0xa444, 0xa444, 0xa444, 0xa444, 0xa444, 0xa444, 0xa444, 0xa444, 0xa444, 0xa444, 
0xa444, 0xa444, 0xa444, 0xa444, 0xa444, 0xa444, 0xa444, 0xa444, 0xa444, 0xa444, 0xa444, 0xa444, 0xa444, 0xa444, 0xa444, 0xa444, 
0xa444, 0xa444, 0xa444, 0xa444, 0xa444, 0xa444, 0xa444, 0xa444, 0xa444, 0xa444, 0xa444, 0xa444, 0xa444, 0xa444, 0xa444, 0xa444, 
0xa444, 0xa444, 0xa444, 0xa444, 0xa444, 0xa444, 0xa444, 0xa444, 0xa444, 0xa444, 0xa444, 0xa444, 0xa444, 0xa444, 0xa444, 0xa444, 
0xa444, 0xa444, 0xa444, 0xa444, 0xa444, 0xa444, 0xa444, 0xa444, 0xa444, 0xa444, 0xa444, 0xa444, 0xa444, 0xa444, 0xa444, 0xa444, 
0xa444, 0xa444, 0xa444, 0xa444, 0xa444, 0xa444, 0xa444, 0xa444, 0xa444, 0xa444, 0xa444, 0xa444, 0xa444, 0xa444, 0xa444, 0xa444, 
0xa444, 0xa444, 0xa444, 0xa444, 0xa444, 0xa444, 0xa444, 0xa444, 0xa444, 0xa444, 0xa444, 0xa444, 0xa444, 0xa444, 0xa444, 0xa444, 
0xa444, 0xa444, 0xa444, 0xa444, 0xa444, 0xa444, 0xa444, 0xa444, 0xa444, 0xa444, 0xa444, 0xa444, 0xa444, 0xa444, 0xa444, 0xa444, 
0xa444, 0xa444, 0xa444, 0xa444, 0xa444, 0xa444, 0xa444, 0xa444, 0xa444, 0xa444, 0xa444, 0xa444, 0xa444, 0xa444, 0xa444, 0xa444, 
0xa444, 0xa444, 0xa444, 0xa444, 0xa444, 0xa444, 0xa444, 0xa444, 0xa444, 0xa444, 0xa444, 0xa444, 0xa444, 0xa444, 0xa444, 0xa444, 
0xa444, 0xa444, 0xa444, 0xa444, 0xa444, 0xa444, 0xa444, 0xa444, 0xa444, 0xa444, 0xa444, 0xa444, 0xa444, 0xa444, 0xa444, 0xa444
};

static const uint16_t hill_1_16x16_dma[16*16] = {
0xa444, 0xa444, 0xa444, 0xa444, 0xa444, 0xa444, 0xa444, 0xa444, 0xa444, 0xa444, 0xa444, 0xa444, 0xa444, 0xa444, 0xa444, 0x0000, 
0xa444, 0xa444, 0xa444, 0xa444, 0xa444, 0xa444, 0xa444, 0xa444, 0xa444, 0xa444, 0xa444, 0xa444, 0xa444, 0xa444, 0x0000, 0xffff, 
0xa444, 0xa444, 0xa444, 0xa444, 0xa444, 0xa444, 0xa444, 0xa444, 0xa444, 0xa444, 0xa444, 0xa444, 0xa444, 0x0000, 0xffff, 0xffff, 
0xa444, 0xa444, 0xa444, 0xa444, 0xa444, 0xa444, 0xa444, 0xa444, 0xa444, 0xa444, 0xa444, 0xa444, 0x0000, 0xffff, 0xffff, 0xffff, 
0xa444, 0xa444, 0xa444, 0xa444, 0xa444, 0xa444, 0xa444, 0xa444, 0xa444, 0xa444, 0xa444, 0x0000, 0xffff, 0xffff, 0xffff, 0xffff, 
0xa444, 0xa444, 0xa444, 0xa444, 0xa444, 0xa444, 0xa444, 0xa444, 0xa444, 0xa444, 0x0000, 0xffff, 0xffff, 0xffff, 0xffff, 0xffff, 
0xa444, 0xa444, 0xa444, 0xa444, 0xa444, 0xa444, 0xa444, 0xa444, 0xa444, 0x0000, 0xffff, 0xffff, 0xffff, 0xffff, 0xffff, 0xffff, 
0xa444, 0xa444, 0xa444, 0xa444, 0xa444, 0xa444, 0xa444, 0xa444, 0x0000, 0xffff, 0xffff, 0xffff, 0xffff, 0xffff, 0xffff, 0xffff, 
0xa444, 0xa444, 0xa444, 0xa444, 0xa444, 0xa444, 0xa444, 0x0000, 0xffff, 0xffff, 0xffff, 0xffff, 0xffff, 0xffff, 0xffff, 0xffff, 
0xa444, 0xa444, 0xa444, 0xa444, 0xa444, 0xa444, 0x0000, 0xffff, 0xffff, 0xffff, 0xffff, 0xffff, 0xffff, 0xffff, 0xffff, 0xffff, 
0xa444, 0xa444, 0xa444, 0xa444, 0xa444, 0x0000, 0xffff, 0xffff, 0xffff, 0xffff, 0xffff, 0xffff, 0xffff, 0xffff, 0xffff, 0xffff, 
0xa444, 0xa444, 0xa444, 0xa444, 0x0000, 0xffff, 0xffff, 0xffff, 0xffff, 0xffff, 0xffff, 0xffff, 0xffff, 0xffff, 0xffff, 0xffff, 
0xa444, 0xa444, 0xa444, 0x0000, 0xffff, 0xffff, 0xffff, 0xffff, 0xffff, 0xffff, 0xffff, 0xffff, 0xffff, 0xffff, 0xffff, 0xffff, 
0xa444, 0xa444, 0x0000, 0xffff, 0xffff, 0xffff, 0xffff, 0xffff, 0xffff, 0xffff, 0xffff, 0xffff, 0xffff, 0xffff, 0xffff, 0xffff, 
0xa444, 0x0000, 0xffff, 0xffff, 0xffff, 0xffff, 0xffff, 0xffff, 0xffff, 0xffff, 0xffff, 0xffff, 0xffff, 0xffff, 0xffff, 0xffff, 
0x0000, 0xffff, 0xffff, 0xffff, 0xffff, 0xffff, 0xffff, 0xffff, 0xffff, 0xffff, 0xffff, 0xffff, 0xffff, 0xffff, 0xffff, 0xffff
};

static const uint16_t hill_2_16x16_dma[16*16] = {
0xa444, 0xa444, 0xa444, 0xa444, 0xa444, 0xa444, 0xa444, 0xa444, 0xa444, 0xa444, 0xa444, 0xa444, 0xa444, 0xa444, 0xa444, 0xa444, 
0xa444, 0xa444, 0xa444, 0xa444, 0xa444, 0xa444, 0xa444, 0xa444, 0xa444, 0xa444, 0xa444, 0xa444, 0xa444, 0xa444, 0xa444, 0xa444, 
0xa444, 0xa444, 0xa444, 0xa444, 0xa444, 0xa444, 0xa444, 0xa444, 0xa444, 0xa444, 0xa444, 0xa444, 0xa444, 0xa444, 0xa444, 0xa444, 
0xa444, 0xa444, 0xa444, 0xa444, 0xa444, 0xa444, 0xa444, 0xa444, 0xa444, 0xa444, 0xa444, 0xa444, 0xa444, 0xa444, 0xa444, 0xa444, 
0xa444, 0xa444, 0xa444, 0xa444, 0xa444, 0xa444, 0xa444, 0xa444, 0xa444, 0xa444, 0xa444, 0xa444, 0xa444, 0xa444, 0xa444, 0xa444, 
0xa444, 0xa444, 0xa444, 0xa444, 0xa444, 0xa444, 0xa444, 0xa444, 0xa444, 0xa444, 0xa444, 0xa444, 0xa444, 0xa444, 0xa444, 0xa444, 
0xa444, 0xa444, 0xa444, 0xa444, 0xa444, 0xa444, 0xa444, 0xa444, 0xa444, 0xa444, 0xa444, 0xa444, 0xa444, 0xa444, 0xa444, 0xa444, 
0xa444, 0xa444, 0xa444, 0xa444, 0xa444, 0xa444, 0xa444, 0xa444, 0xa444, 0xa444, 0xa444, 0xa444, 0xa444, 0xa444, 0xa444, 0xa444, 
0xa444, 0xa444, 0xa444, 0xa444, 0xa444, 0xa444, 0xa444, 0xa444, 0xa444, 0xa444, 0xa444, 0xa444, 0xa444, 0xa444, 0xa444, 0xa444, 
0xa444, 0xa444, 0xa444, 0xa444, 0xa444, 0xa444, 0xa444, 0xa444, 0x0000, 0x0000, 0x0000, 0x0000, 0xa444, 0xa444, 0xa444, 0xa444, 
0xa444, 0xa444, 0xa444, 0xa444, 0xa444, 0xa444, 0xa444, 0xa444, 0x0000, 0x0000, 0x0000, 0x0000, 0xa444, 0xa444, 0xa444, 0xa444, 
0xa444, 0xa444, 0xa444, 0xa444, 0xa444, 0xa444, 0xa444, 0xa444, 0xa444, 0xa444, 0xa444, 0xa444, 0xa444, 0xa444, 0xa444, 0xa444, 
0xa444, 0xa444, 0xa444, 0xa444, 0xa444, 0xa444, 0xa444, 0xa444, 0xa444, 0xa444, 0xa444, 0x0000, 0x0000, 0x0000, 0x0000, 0xa444, 
0xa444, 0xa444, 0xa444, 0xa444, 0xa444, 0xa444, 0xa444, 0xa444, 0xa444, 0xa444, 0x0000, 0x0000, 0x0000, 0x0000, 0x0000, 0x0000, 
0xa444, 0xa444, 0xa444, 0xa444, 0xa444, 0xa444, 0xa444, 0xa444, 0xa444, 0xa444, 0xa444, 0x0000, 0x0000, 0x0000, 0x0000, 0xa444, 
0xa444, 0xa444, 0xa444, 0xa444, 0xa444, 0xa444, 0xa444, 0xa444, 0xa444, 0xa444, 0xa444, 0xa444, 0xa444, 0xa444, 0xa444, 0xa444
};

static const uint16_t hill_3_16x16_dma[16*16] = {
0xa444, 0xa444, 0xa444, 0xa444, 0xa444, 0xa444, 0xa444, 0xa444, 0xa444, 0xa444, 0xa444, 0xa444, 0xa444, 0xa444, 0xa444, 0xa444, 
0xa444, 0xa444, 0xa444, 0xa444, 0xa444, 0xa444, 0xa444, 0xa444, 0x0000, 0x0000, 0x0000, 0x0000, 0xa444, 0xa444, 0xa444, 0xa444, 
0xa444, 0xa444, 0xa444, 0xa444, 0xa444, 0xa444, 0xa444, 0xa444, 0x0000, 0x0000, 0x0000, 0x0000, 0xa444, 0xa444, 0xa444, 0xa444, 
0xa444, 0xa444, 0xa444, 0xa444, 0xa444, 0xa444, 0xa444, 0xa444, 0xa444, 0xa444, 0xa444, 0xa444, 0xa444, 0xa444, 0xa444, 0xa444, 
0xa444, 0xa444, 0xa444, 0xa444, 0xa444, 0xa444, 0xa444, 0xa444, 0xa444, 0xa444, 0xa444, 0x0000, 0x0000, 0x0000, 0x0000, 0xa444, 
0xa444, 0xa444, 0xa444, 0xa444, 0xa444, 0xa444, 0xa444, 0xa444, 0xa444, 0xa444, 0x0000, 0x0000, 0x0000, 0x0000, 0x0000, 0x0000, 
0xa444, 0xa444, 0xa444, 0xa444, 0xa444, 0xa444, 0xa444, 0xa444, 0xa444, 0xa444, 0xa444, 0x0000, 0x0000, 0x0000, 0x0000, 0xa444, 
0xa444, 0xa444, 0xa444, 0xa444, 0xa444, 0xa444, 0xa444, 0xa444, 0xa444, 0xa444, 0xa444, 0xa444, 0xa444, 0xa444, 0xa444, 0xa444, 
0xa444, 0xa444, 0xa444, 0xa444, 0xa444, 0xa444, 0xa444, 0xa444, 0xa444, 0xa444, 0xa444, 0xa444, 0xa444, 0xa444, 0xa444, 0xa444, 
0xa444, 0xa444, 0xa444, 0xa444, 0xa444, 0xa444, 0xa444, 0xa444, 0xa444, 0xa444, 0xa444, 0xa444, 0xa444, 0xa444, 0xa444, 0xa444, 
0xa444, 0xa444, 0xa444, 0xa444, 0xa444, 0xa444, 0xa444, 0xa444, 0xa444, 0xa444, 0xa444, 0xa444, 0xa444, 0xa444, 0xa444, 0xa444, 
0xa444, 0xa444, 0xa444, 0xa444, 0xa444, 0xa444, 0xa444, 0xa444, 0xa444, 0xa444, 0xa444, 0xa444, 0xa444, 0xa444, 0xa444, 0xa444, 
0xa444, 0xa444, 0xa444, 0xa444, 0xa444, 0xa444, 0xa444, 0xa444, 0xa444, 0xa444, 0xa444, 0xa444, 0xa444, 0xa444, 0xa444, 0xa444, 
0xa444, 0xa444, 0xa444, 0xa444, 0xa444, 0xa444, 0xa444, 0xa444, 0xa444, 0xa444, 0xa444, 0xa444, 0xa444, 0xa444, 0xa444, 0xa444, 
0xa444, 0xa444, 0xa444, 0xa444, 0xa444, 0xa444, 0xa444, 0xa444, 0xa444, 0xa444, 0xa444, 0xa444, 0xa444, 0xa444, 0xa444, 0xa444, 
0xa444, 0xa444, 0xa444, 0xa444, 0xa444, 0xa444, 0xa444, 0xa444, 0xa444, 0xa444, 0xa444, 0xa444, 0xa444, 0xa444, 0xa444, 0xa444
};

static const uint16_t hill_4_16x16_dma[16*16] = {
0x0000, 0xffff, 0xffff, 0xffff, 0xffff, 0xffff, 0xffff, 0xffff, 0xffff, 0xffff, 0xffff, 0xffff, 0xffff, 0xffff, 0xffff, 0xffff, 
0x0000, 0xffff, 0xffff, 0xffff, 0xffff, 0xffff, 0xffff, 0xffff, 0xffff, 0xffff, 0xffff, 0xffff, 0xffff, 0xffff, 0xffff, 0xffff, 
0xa444, 0x0000, 0xffff, 0xffff, 0xffff, 0xffff, 0xffff, 0xffff, 0xffff, 0xffff, 0xffff, 0xffff, 0xffff, 0xffff, 0xffff, 0xffff, 
0xa444, 0x0000, 0xffff, 0xffff, 0xffff, 0xffff, 0xffff, 0xffff, 0xffff, 0xffff, 0xffff, 0xffff, 0xffff, 0xffff, 0xffff, 0xffff, 
0xa444, 0x0000, 0xffff, 0xffff, 0xffff, 0xffff, 0xffff, 0xffff, 0xffff, 0xffff, 0xffff, 0xffff, 0xffff, 0xffff, 0xffff, 0xffff, 
0xa444, 0xa444, 0x0000, 0xffff, 0xffff, 0xffff, 0xffff, 0xffff, 0xffff, 0xffff, 0xffff, 0xffff, 0xffff, 0xffff, 0xffff, 0xffff, 
0xa444, 0xa444, 0x0000, 0xffff, 0xffff, 0xffff, 0xffff, 0xffff, 0xffff, 0xffff, 0xffff, 0xffff, 0xffff, 0xffff, 0xffff, 0xffff, 
0xa444, 0xa444, 0x0000, 0xffff, 0xffff, 0xffff, 0xffff, 0xffff, 0xffff, 0xffff, 0xffff, 0xffff, 0xffff, 0xffff, 0xffff, 0xffff, 
0xa444, 0xa444, 0x0000, 0xffff, 0xffff, 0xffff, 0xffff, 0xffff, 0xffff, 0xffff, 0xffff, 0xffff, 0xffff, 0xffff, 0xffff, 0xffff, 
0xa444, 0xa444, 0x0000, 0xffff, 0xffff, 0xffff, 0xffff, 0xffff, 0xffff, 0xffff, 0xffff, 0xffff, 0xffff, 0xffff, 0xffff, 0xffff, 
0xa444, 0xa444, 0x0000, 0xffff, 0xffff, 0xffff, 0xffff, 0xffff, 0xffff, 0xffff, 0xffff, 0xffff, 0xffff, 0xffff, 0xffff, 0xffff, 
0xa444, 0x0000, 0xffff, 0xffff, 0xffff, 0xffff, 0xffff, 0xffff, 0xffff, 0xffff, 0xffff, 0xffff, 0xffff, 0xffff, 0xffff, 0xffff, 
0xa444, 0x0000, 0xffff, 0xffff, 0xffff, 0xffff, 0xffff, 0xffff, 0xffff, 0xffff, 0xffff, 0xffff, 0xffff, 0xffff, 0xffff, 0xffff, 
0xa444, 0x0000, 0xffff, 0xffff, 0xffff, 0xffff, 0xffff, 0xffff, 0xffff, 0xffff, 0xffff, 0xffff, 0xffff, 0xffff, 0xffff, 0xffff, 
0x0000, 0xffff, 0xffff, 0xffff, 0xffff, 0xffff, 0xffff, 0xffff, 0xffff, 0xffff, 0xffff, 0xffff, 0xffff, 0xffff, 0xffff, 0xffff, 
0x0000, 0xffff, 0xffff, 0xffff, 0xffff, 0xffff, 0xffff, 0xffff, 0xffff, 0xffff, 0xffff, 0xffff, 0xffff, 0xffff, 0xffff, 0xffff
};

const BackgroundAsset_t HILL_0_ASSET = {
		.id = BG_HILL_0_OBJECT_ID,
		.baseAsset.sprite.bitmap = hill_0_16x16_dma,
		.baseAsset.sprite.size.x = 16,
		.baseAsset.sprite.size.y = 16,
};

const BackgroundAsset_t HILL_1_ASSET = {
		.id = BG_HILL_1_OBJECT_ID,
		.baseAsset.sprite.bitmap = hill_1_16x16_dma,
		.baseAsset.sprite.size.x = 16,
		.baseAsset.sprite.size.y = 16,
};

const BackgroundAsset_t HILL_2_ASSET = {
		.id = BG_HILL_2_OBJECT_ID,
		.baseAsset.sprite.bitmap = hill_2_16x16_dma,
		.baseAsset.sprite.size.x = 16,
		.baseAsset.sprite.size.y = 16,
};

const BackgroundAsset_t HILL_3_ASSET = {
		.id = BG_HILL_3_OBJECT_ID,
		.baseAsset.sprite.bitmap = hill_3_16x16_dma,
		.baseAsset.sprite.size.x = 16,
		.baseAsset.sprite.size.y = 16,
};

const BackgroundAsset_t HILL_4_ASSET = {
		.id = BG_HILL_4_OBJECT_ID,
		.baseAsset.sprite.bitmap = hill_4_16x16_dma,
		.baseAsset.sprite.size.x = 16,
		.baseAsset.sprite.size.y = 16,
};